id,snn_params,seed,epochs,train_acc,val_acc,best_epoch,train_activations_fb,train_activations,fb_angle,fb_ratio,session_name
58,"{'out_layer': (0.5, 1000.0, 2000.0, 1.0, 1.0, -2, 9.5367431640625e-07), 'hidden_layer': [(0.5, 15.625, 31.25, 1.0, -16, 3.814697265625e-06)]}",100364571,50,0.297204512015694,0.30742049469964666,48,"tensor([nan, nan])","tensor([22.3309,  0.6109])",0,0,grid_search_shd_int/mnist_biograd_quant_1_layers_int_16_16_8_transposed_loss_direct_frames_10_time_100364571_exp_shd_int_58
182,"{'out_layer': (0.5, 15.625, 31.25, 1.0, 1.0, -4, 9.5367431640625e-07), 'hidden_layer': [(0.5, 125.0, 250.0, 1.0, -12, 3.814697265625e-06)]}",100364571,50,0.10605689063266308,0.11263250883392226,44,"tensor([nan, nan])","tensor([35.7293,  0.0898])",0,0,grid_search_shd_int/mnist_biograd_quant_1_layers_int_16_16_8_transposed_loss_direct_frames_10_time_100364571_exp_shd_int_182
80,"{'out_layer': (0.5, 4000.0, 8000.0, 1.0, 1.0, -4, 9.5367431640625e-07), 'hidden_layer': [(0.5, 15.625, 31.25, 1.0, -20, 3.814697265625e-06)]}",100364571,50,0.1006620892594409,0.13206713780918727,38,"tensor([nan, nan])","tensor([92.7215,  0.5890])",0,0,grid_search_shd_int/mnist_biograd_quant_1_layers_int_16_16_8_transposed_loss_direct_frames_10_time_100364571_exp_shd_int_80
61,"{'out_layer': (0.5, 1000.0, 2000.0, 1.0, 1.0, -2, 9.5367431640625e-07), 'hidden_layer': [(0.5, 15.625, 31.25, 1.0, -20, 3.814697265625e-06)]}",100364571,50,0.14467876410004904,0.18065371024734983,7,"tensor([nan, nan])","tensor([39.9711,  0.2967])",0,0,grid_search_shd_int/mnist_biograd_quant_1_layers_int_16_16_8_transposed_loss_direct_frames_10_time_100364571_exp_shd_int_61
144,"{'out_layer': (0.5, 1000.0, 2000.0, 1.0, 1.0, 0, 9.5367431640625e-07), 'hidden_layer': [(0.5, 62.5, 125.0, 1.0, -12, 3.814697265625e-06)]}",100364571,50,0.0537027954879843,0.07773851590106007,47,"tensor([nan, nan])","tensor([13.4489,  0.0192])",0,0,grid_search_shd_int/mnist_biograd_quant_1_layers_int_16_16_8_transposed_loss_direct_frames_10_time_100364571_exp_shd_int_144
158,"{'out_layer': (0.5, 16000.0, 32000.0, 1.0, 1.0, -4, 9.5367431640625e-07), 'hidden_layer': [(0.5, 1000.0, 2000.0, 1.0, -16, 3.814697265625e-06)]}",100364571,50,0.17177538008827856,0.2336572438162544,36,"tensor([nan, nan])","tensor([50.2287,  0.5126])",0,0,grid_search_shd_int/mnist_biograd_quant_1_layers_int_16_16_8_transposed_loss_direct_frames_10_time_100364571_exp_shd_int_158
215,"{'out_layer': (0.5, 1000.0, 2000.0, 1.0, 1.0, -4, 9.5367431640625e-07), 'hidden_layer': [(0.5, 2000.0, 4000.0, 1.0, -20, 3.814697265625e-06)]}",100364571,50,0.1602501226091221,0.22084805653710246,29,"tensor([nan, nan])","tensor([76.7454,  0.4909])",0,0,grid_search_shd_int/mnist_biograd_quant_1_layers_int_16_16_8_transposed_loss_direct_frames_10_time_100364571_exp_shd_int_215
29,"{'out_layer': (0.5, 1000.0, 2000.0, 1.0, 1.0, -4, 9.5367431640625e-07), 'hidden_layer': [(0.5, 250.0, 500.0, 1.0, -12, 3.814697265625e-06)]}",100364571,50,0.12481608631682198,0.14266784452296818,44,"tensor([nan, nan])","tensor([27.7412,  0.5282])",0,0,grid_search_shd_int/mnist_biograd_quant_1_layers_int_16_16_8_transposed_loss_direct_frames_10_time_100364571_exp_shd_int_29
127,"{'out_layer': (0.5, 125.0, 250.0, 1.0, 1.0, -2, 9.5367431640625e-07), 'hidden_layer': [(0.5, 62.5, 125.0, 1.0, -12, 3.814697265625e-06)]}",100364571,50,0.05640019617459539,0.0803886925795053,0,"tensor([nan, nan])","tensor([29.2238,  0.7178])",0,0,grid_search_shd_int/mnist_biograd_quant_1_layers_int_16_16_8_transposed_loss_direct_frames_10_time_100364571_exp_shd_int_127
60,"{'out_layer': (0.5, 1000.0, 2000.0, 1.0, 1.0, 0, 9.5367431640625e-07), 'hidden_layer': [(0.5, 15.625, 31.25, 1.0, -20, 3.814697265625e-06)]}",100364571,50,0.2687591956841589,0.24337455830388693,39,"tensor([nan, nan])","tensor([35.0088,  0.5021])",0,0,grid_search_shd_int/mnist_biograd_quant_1_layers_int_16_16_8_transposed_loss_direct_frames_10_time_100364571_exp_shd_int_60
216,"{'out_layer': (0.5, 125.0, 250.0, 1.0, 1.0, 0, 9.5367431640625e-07), 'hidden_layer': [(0.5, 125.0, 250.0, 1.0, -12, 3.814697265625e-06)]}",100364571,50,0.06620892594409024,0.07464664310954064,3,"tensor([nan, nan])","tensor([23.8924,  0.0304])",0,0,grid_search_shd_int/mnist_biograd_quant_1_layers_int_16_16_8_transposed_loss_direct_frames_10_time_100364571_exp_shd_int_216
184,"{'out_layer': (0.5, 15.625, 31.25, 1.0, 1.0, -2, 9.5367431640625e-07), 'hidden_layer': [(0.5, 125.0, 250.0, 1.0, -16, 3.814697265625e-06)]}",100364571,50,0.2064737616478666,0.19699646643109542,49,"tensor([nan, nan])","tensor([13.2554,  0.3085])",0,0,grid_search_shd_int/mnist_biograd_quant_1_layers_int_16_16_8_transposed_loss_direct_frames_10_time_100364571_exp_shd_int_184
68,"{'out_layer': (0.5, 16000.0, 32000.0, 1.0, 1.0, -4, 9.5367431640625e-07), 'hidden_layer': [(0.5, 250.0, 500.0, 1.0, -16, 3.814697265625e-06)]}",100364571,50,0.17974497302599313,0.22968197879858657,48,"tensor([nan, nan])","tensor([53.9946,  0.5138])",0,0,grid_search_shd_int/mnist_biograd_quant_1_layers_int_16_16_8_transposed_loss_direct_frames_10_time_100364571_exp_shd_int_68
148,"{'out_layer': (0.5, 1000.0, 2000.0, 1.0, 1.0, -2, 9.5367431640625e-07), 'hidden_layer': [(0.5, 62.5, 125.0, 1.0, -16, 3.814697265625e-06)]}",100364571,50,0.3159637076998529,0.32332155477031804,49,"tensor([nan, nan])","tensor([18.1444,  0.6010])",0,0,grid_search_shd_int/mnist_biograd_quant_1_layers_int_16_16_8_transposed_loss_direct_frames_10_time_100364571_exp_shd_int_148
160,"{'out_layer': (0.5, 16000.0, 32000.0, 1.0, 1.0, -2, 9.5367431640625e-07), 'hidden_layer': [(0.5, 1000.0, 2000.0, 1.0, -20, 3.814697265625e-06)]}",100364571,50,0.23516429622363905,0.29019434628975266,39,"tensor([nan, nan])","tensor([57.7753,  0.5123])",0,0,grid_search_shd_int/mnist_biograd_quant_1_layers_int_16_16_8_transposed_loss_direct_frames_10_time_100364571_exp_shd_int_160
171,"{'out_layer': (0.5, 64000, 128000, 1.0, 1.0, 0, 9.5367431640625e-07), 'hidden_layer': [(0.5, 1000.0, 2000.0, 1.0, -12, 3.814697265625e-06)]}",100364571,50,0.08374203040706228,0.10777385159010601,44,"tensor([nan, nan])","tensor([22.4991,  0.5101])",0,0,grid_search_shd_int/mnist_biograd_quant_1_layers_int_16_16_8_transposed_loss_direct_frames_10_time_100364571_exp_shd_int_171
191,"{'out_layer': (0.5, 250.0, 500.0, 1.0, 1.0, -4, 9.5367431640625e-07), 'hidden_layer': [(0.5, 2000.0, 4000.0, 1.0, -12, 3.814697265625e-06)]}",100364571,50,0.12493869543894066,0.15812720848056538,39,"tensor([nan, nan])","tensor([31.0170,  0.1998])",0,0,grid_search_shd_int/mnist_biograd_quant_1_layers_int_16_16_8_transposed_loss_direct_frames_10_time_100364571_exp_shd_int_191
59,"{'out_layer': (0.5, 1000.0, 2000.0, 1.0, 1.0, -4, 9.5367431640625e-07), 'hidden_layer': [(0.5, 15.625, 31.25, 1.0, -16, 3.814697265625e-06)]}",100364571,50,0.26078960274644436,0.2959363957597173,48,"tensor([nan, nan])","tensor([31.3330,  0.5758])",0,0,grid_search_shd_int/mnist_biograd_quant_1_layers_int_16_16_8_transposed_loss_direct_frames_10_time_100364571_exp_shd_int_59
105,"{'out_layer': (0.5, 250.0, 500.0, 1.0, 1.0, 0, 9.5367431640625e-07), 'hidden_layer': [(0.5, 1000.0, 2000.0, 1.0, -20, 3.814697265625e-06)]}",100364571,50,0.22719470328592448,0.23807420494699646,15,"tensor([nan, nan])","tensor([20.7336,  0.4952])",0,0,grid_search_shd_int/mnist_biograd_quant_1_layers_int_16_16_8_transposed_loss_direct_frames_10_time_100364571_exp_shd_int_105
210,"{'out_layer': (0.5, 1000.0, 2000.0, 1.0, 1.0, 0, 9.5367431640625e-07), 'hidden_layer': [(0.5, 2000.0, 4000.0, 1.0, -16, 3.814697265625e-06)]}",100364571,50,0.28690534575772436,0.32332155477031804,44,"tensor([nan, nan])","tensor([3.6284, 0.5740])",0,0,grid_search_shd_int/mnist_biograd_quant_1_layers_int_16_16_8_transposed_loss_direct_frames_10_time_100364571_exp_shd_int_210
99,"{'out_layer': (0.5, 250.0, 500.0, 1.0, 1.0, 0, 9.5367431640625e-07), 'hidden_layer': [(0.5, 1000.0, 2000.0, 1.0, -12, 3.814697265625e-06)]}",100364571,50,0.059833251593918585,0.08436395759717315,21,"tensor([nan, nan])","tensor([18.0600,  0.0292])",0,0,grid_search_shd_int/mnist_biograd_quant_1_layers_int_16_16_8_transposed_loss_direct_frames_10_time_100364571_exp_shd_int_99
212,"{'out_layer': (0.5, 1000.0, 2000.0, 1.0, 1.0, -4, 9.5367431640625e-07), 'hidden_layer': [(0.5, 2000.0, 4000.0, 1.0, -16, 3.814697265625e-06)]}",100364571,50,0.3039480137322217,0.3325971731448763,49,"tensor([nan, nan])","tensor([7.8644, 0.5398])",0,0,grid_search_shd_int/mnist_biograd_quant_1_layers_int_16_16_8_transposed_loss_direct_frames_10_time_100364571_exp_shd_int_212
42,"{'out_layer': (0.5, 125.0, 250.0, 1.0, 1.0, 0, 9.5367431640625e-07), 'hidden_layer': [(0.5, 15.625, 31.25, 1.0, -20, 3.814697265625e-06)]}",100364571,50,0.15313879352623835,0.14752650176678445,31,"tensor([nan, nan])","tensor([33.2369,  0.1646])",0,0,grid_search_shd_int/mnist_biograd_quant_1_layers_int_16_16_8_transposed_loss_direct_frames_10_time_100364571_exp_shd_int_42
133,"{'out_layer': (0.5, 125.0, 250.0, 1.0, 1.0, -2, 9.5367431640625e-07), 'hidden_layer': [(0.5, 62.5, 125.0, 1.0, -20, 3.814697265625e-06)]}",100364571,50,0.11537518391368318,0.1356007067137809,40,"tensor([nan, nan])","tensor([57.8763,  0.1373])",0,0,grid_search_shd_int/mnist_biograd_quant_1_layers_int_16_16_8_transposed_loss_direct_frames_10_time_100364571_exp_shd_int_133
45,"{'out_layer': (0.5, 2000.0, 4000.0, 1.0, 1.0, 0, 9.5367431640625e-07), 'hidden_layer': [(0.5, 250.0, 500.0, 1.0, -12, 3.814697265625e-06)]}",100364571,50,0.14639529180971064,0.15812720848056538,43,"tensor([nan, nan])","tensor([4.9230, 0.3819])",0,0,grid_search_shd_int/mnist_biograd_quant_1_layers_int_16_16_8_transposed_loss_direct_frames_10_time_100364571_exp_shd_int_45
46,"{'out_layer': (0.5, 2000.0, 4000.0, 1.0, 1.0, -2, 9.5367431640625e-07), 'hidden_layer': [(0.5, 250.0, 500.0, 1.0, -12, 3.814697265625e-06)]}",100364571,50,0.148602256007847,0.20759717314487633,35,"tensor([nan, nan])","tensor([12.5384,  0.5783])",0,0,grid_search_shd_int/mnist_biograd_quant_1_layers_int_16_16_8_transposed_loss_direct_frames_10_time_100364571_exp_shd_int_46
132,"{'out_layer': (0.5, 125.0, 250.0, 1.0, 1.0, 0, 9.5367431640625e-07), 'hidden_layer': [(0.5, 62.5, 125.0, 1.0, -20, 3.814697265625e-06)]}",100364571,50,0.17471799901912702,0.17270318021201414,20,"tensor([nan, nan])","tensor([27.4554,  0.2805])",0,0,grid_search_shd_int/mnist_biograd_quant_1_layers_int_16_16_8_transposed_loss_direct_frames_10_time_100364571_exp_shd_int_132
65,"{'out_layer': (0.5, 16000.0, 32000.0, 1.0, 1.0, -4, 9.5367431640625e-07), 'hidden_layer': [(0.5, 250.0, 500.0, 1.0, -12, 3.814697265625e-06)]}",100364571,50,0.09796468857282982,0.14266784452296818,43,"tensor([nan, nan])","tensor([42.1658,  0.5232])",0,0,grid_search_shd_int/mnist_biograd_quant_1_layers_int_16_16_8_transposed_loss_direct_frames_10_time_100364571_exp_shd_int_65
197,"{'out_layer': (0.5, 250.0, 500.0, 1.0, 1.0, -4, 9.5367431640625e-07), 'hidden_layer': [(0.5, 2000.0, 4000.0, 1.0, -20, 3.814697265625e-06)]}",100364571,50,0.16760666993624326,0.19876325088339222,25,"tensor([nan, nan])","tensor([74.5495,  0.4542])",0,0,grid_search_shd_int/mnist_biograd_quant_1_layers_int_16_16_8_transposed_loss_direct_frames_10_time_100364571_exp_shd_int_197
25,"{'out_layer': (0.5, 62.5, 125.0, 1.0, 1.0, -2, 9.5367431640625e-07), 'hidden_layer': [(0.5, 15.625, 31.25, 1.0, -20, 3.814697265625e-06)]}",100364571,50,0.05382540461010299,0.05830388692579505,0,"tensor([nan, nan])","tensor([38.6669,  1.3297])",0,0,grid_search_shd_int/mnist_biograd_quant_1_layers_int_16_16_8_transposed_loss_direct_frames_10_time_100364571_exp_shd_int_25
95,"{'out_layer': (0.5, 15.625, 31.25, 1.0, 1.0, -4, 9.5367431640625e-07), 'hidden_layer': [(0.5, 62.5, 125.0, 1.0, -16, 3.814697265625e-06)]}",100364571,50,0.20414418832761158,0.23807420494699646,48,"tensor([nan, nan])","tensor([27.9941,  0.4246])",0,0,grid_search_shd_int/mnist_biograd_quant_1_layers_int_16_16_8_transposed_loss_direct_frames_10_time_100364571_exp_shd_int_95
55,"{'out_layer': (0.5, 1000.0, 2000.0, 1.0, 1.0, -2, 9.5367431640625e-07), 'hidden_layer': [(0.5, 15.625, 31.25, 1.0, -12, 3.814697265625e-06)]}",100364571,50,0.14296223639038744,0.17579505300353357,40,"tensor([nan, nan])","tensor([10.8018,  0.5613])",0,0,grid_search_shd_int/mnist_biograd_quant_1_layers_int_16_16_8_transposed_loss_direct_frames_10_time_100364571_exp_shd_int_55
136,"{'out_layer': (0.5, 2000.0, 4000.0, 1.0, 1.0, -2, 9.5367431640625e-07), 'hidden_layer': [(0.5, 1000.0, 2000.0, 1.0, -12, 3.814697265625e-06)]}",100364571,50,0.1945806768023541,0.2592756183745583,48,"tensor([nan, nan])","tensor([7.6810, 0.5255])",0,0,grid_search_shd_int/mnist_biograd_quant_1_layers_int_16_16_8_transposed_loss_direct_frames_10_time_100364571_exp_shd_int_136
81,"{'out_layer': (0.5, 64000, 128000, 1.0, 1.0, 0, 9.5367431640625e-07), 'hidden_layer': [(0.5, 250.0, 500.0, 1.0, -12, 3.814697265625e-06)]}",100364571,50,0.07773418342324669,0.13604240282685512,26,"tensor([nan, nan])","tensor([24.2084,  0.5175])",0,0,grid_search_shd_int/mnist_biograd_quant_1_layers_int_16_16_8_transposed_loss_direct_frames_10_time_100364571_exp_shd_int_81
66,"{'out_layer': (0.5, 16000.0, 32000.0, 1.0, 1.0, 0, 9.5367431640625e-07), 'hidden_layer': [(0.5, 250.0, 500.0, 1.0, -16, 3.814697265625e-06)]}",100364571,50,0.23773908778813144,0.2703180212014134,43,"tensor([nan, nan])","tensor([13.4473,  0.5239])",0,0,grid_search_shd_int/mnist_biograd_quant_1_layers_int_16_16_8_transposed_loss_direct_frames_10_time_100364571_exp_shd_int_66
161,"{'out_layer': (0.5, 16000.0, 32000.0, 1.0, 1.0, -4, 9.5367431640625e-07), 'hidden_layer': [(0.5, 1000.0, 2000.0, 1.0, -20, 3.814697265625e-06)]}",100364571,50,0.16883276115743012,0.20053003533568906,48,"tensor([nan, nan])","tensor([84.4242,  0.5140])",0,0,grid_search_shd_int/mnist_biograd_quant_1_layers_int_16_16_8_transposed_loss_direct_frames_10_time_100364571_exp_shd_int_161
31,"{'out_layer': (0.5, 1000.0, 2000.0, 1.0, 1.0, -2, 9.5367431640625e-07), 'hidden_layer': [(0.5, 250.0, 500.0, 1.0, -16, 3.814697265625e-06)]}",100364571,50,0.3131436978911231,0.33524734982332155,44,"tensor([nan, nan])","tensor([7.6667, 0.5605])",0,0,grid_search_shd_int/mnist_biograd_quant_1_layers_int_16_16_8_transposed_loss_direct_frames_10_time_100364571_exp_shd_int_31
74,"{'out_layer': (0.5, 4000.0, 8000.0, 1.0, 1.0, -4, 9.5367431640625e-07), 'hidden_layer': [(0.5, 15.625, 31.25, 1.0, -12, 3.814697265625e-06)]}",100364571,50,0.1237126042177538,0.1497349823321555,43,"tensor([nan, nan])","tensor([19.4678,  0.5327])",0,0,grid_search_shd_int/mnist_biograd_quant_1_layers_int_16_16_8_transposed_loss_direct_frames_10_time_100364571_exp_shd_int_74
84,"{'out_layer': (0.5, 64000, 128000, 1.0, 1.0, 0, 9.5367431640625e-07), 'hidden_layer': [(0.5, 250.0, 500.0, 1.0, -16, 3.814697265625e-06)]}",100364571,50,0.1510544384502207,0.19832155477031801,46,"tensor([nan, nan])","tensor([27.0548,  0.5085])",0,0,grid_search_shd_int/mnist_biograd_quant_1_layers_int_16_16_8_transposed_loss_direct_frames_10_time_100364571_exp_shd_int_84
149,"{'out_layer': (0.5, 1000.0, 2000.0, 1.0, 1.0, -4, 9.5367431640625e-07), 'hidden_layer': [(0.5, 62.5, 125.0, 1.0, -16, 3.814697265625e-06)]}",100364571,50,0.2961010299166258,0.30962897526501765,39,"tensor([nan, nan])","tensor([15.3571,  0.5459])",0,0,grid_search_shd_int/mnist_biograd_quant_1_layers_int_16_16_8_transposed_loss_direct_frames_10_time_100364571_exp_shd_int_149
54,"{'out_layer': (0.5, 1000.0, 2000.0, 1.0, 1.0, 0, 9.5367431640625e-07), 'hidden_layer': [(0.5, 15.625, 31.25, 1.0, -12, 3.814697265625e-06)]}",100364571,50,0.13683178028445317,0.16475265017667845,36,"tensor([nan, nan])","tensor([3.6450, 0.6077])",0,0,grid_search_shd_int/mnist_biograd_quant_1_layers_int_16_16_8_transposed_loss_direct_frames_10_time_100364571_exp_shd_int_54
209,"{'out_layer': (0.5, 1000.0, 2000.0, 1.0, 1.0, -4, 9.5367431640625e-07), 'hidden_layer': [(0.5, 2000.0, 4000.0, 1.0, -12, 3.814697265625e-06)]}",100364571,50,0.14639529180971064,0.19302120141342757,39,"tensor([nan, nan])","tensor([25.0300,  0.5272])",0,0,grid_search_shd_int/mnist_biograd_quant_1_layers_int_16_16_8_transposed_loss_direct_frames_10_time_100364571_exp_shd_int_209
115,"{'out_layer': (0.5, 62.5, 125.0, 1.0, 1.0, -2, 9.5367431640625e-07), 'hidden_layer': [(0.5, 62.5, 125.0, 1.0, -20, 3.814697265625e-06)]}",100364571,50,0.09502206964198136,0.07332155477031801,49,"tensor([nan, nan])","tensor([59.6728,  0.1007])",0,0,grid_search_shd_int/mnist_biograd_quant_1_layers_int_16_16_8_transposed_loss_direct_frames_10_time_100364571_exp_shd_int_115
106,"{'out_layer': (0.5, 250.0, 500.0, 1.0, 1.0, -2, 9.5367431640625e-07), 'hidden_layer': [(0.5, 1000.0, 2000.0, 1.0, -20, 3.814697265625e-06)]}",100364571,50,0.19740068661108387,0.18153710247349825,20,"tensor([nan, nan])","tensor([46.0338,  0.3773])",0,0,grid_search_shd_int/mnist_biograd_quant_1_layers_int_16_16_8_transposed_loss_direct_frames_10_time_100364571_exp_shd_int_106
57,"{'out_layer': (0.5, 1000.0, 2000.0, 1.0, 1.0, 0, 9.5367431640625e-07), 'hidden_layer': [(0.5, 15.625, 31.25, 1.0, -16, 3.814697265625e-06)]}",100364571,50,0.31902893575282,0.3246466431095406,45,"tensor([nan, nan])","tensor([12.1637,  0.6615])",0,0,grid_search_shd_int/mnist_biograd_quant_1_layers_int_16_16_8_transposed_loss_direct_frames_10_time_100364571_exp_shd_int_57
12,"{'out_layer': (0.5, 250.0, 500.0, 1.0, 1.0, 0, 9.5367431640625e-07), 'hidden_layer': [(0.5, 250.0, 500.0, 1.0, -16, 3.814697265625e-06)]}",100364571,50,0.29058361942128497,0.30609540636042404,40,"tensor([nan, nan])","tensor([4.1178, 0.6488])",0,0,grid_search_shd_int/mnist_biograd_quant_1_layers_int_16_16_8_transposed_loss_direct_frames_10_time_100364571_exp_shd_int_12
139,"{'out_layer': (0.5, 2000.0, 4000.0, 1.0, 1.0, -2, 9.5367431640625e-07), 'hidden_layer': [(0.5, 1000.0, 2000.0, 1.0, -16, 3.814697265625e-06)]}",100364571,50,0.2897253555664541,0.29770318021201414,46,"tensor([nan, nan])","tensor([6.6139, 0.5274])",0,0,grid_search_shd_int/mnist_biograd_quant_1_layers_int_16_16_8_transposed_loss_direct_frames_10_time_100364571_exp_shd_int_139
43,"{'out_layer': (0.5, 125.0, 250.0, 1.0, 1.0, -2, 9.5367431640625e-07), 'hidden_layer': [(0.5, 15.625, 31.25, 1.0, -20, 3.814697265625e-06)]}",100364571,50,0.1101029916625797,0.11219081272084806,46,"tensor([nan, nan])","tensor([60.7785,  0.1427])",0,0,grid_search_shd_int/mnist_biograd_quant_1_layers_int_16_16_8_transposed_loss_direct_frames_10_time_100364571_exp_shd_int_43
205,"{'out_layer': (0.5, 62.5, 125.0, 1.0, 1.0, -2, 9.5367431640625e-07), 'hidden_layer': [(0.5, 125.0, 250.0, 1.0, -20, 3.814697265625e-06)]}",100364571,50,0.10188818048062775,0.09496466431095406,43,"tensor([nan, nan])","tensor([58.0543,  0.1001])",0,0,grid_search_shd_int/mnist_biograd_quant_1_layers_int_16_16_8_transposed_loss_direct_frames_10_time_100364571_exp_shd_int_205
118,"{'out_layer': (0.5, 1000.0, 2000.0, 1.0, 1.0, -2, 9.5367431640625e-07), 'hidden_layer': [(0.5, 1000.0, 2000.0, 1.0, -12, 3.814697265625e-06)]}",100364571,50,0.06890632663070133,0.09761484098939929,37,"tensor([nan, nan])","tensor([16.2942,  0.0623])",0,0,grid_search_shd_int/mnist_biograd_quant_1_layers_int_16_16_8_transposed_loss_direct_frames_10_time_100364571_exp_shd_int_118
52,"{'out_layer': (0.5, 2000.0, 4000.0, 1.0, 1.0, -2, 9.5367431640625e-07), 'hidden_layer': [(0.5, 250.0, 500.0, 1.0, -20, 3.814697265625e-06)]}",100364571,50,0.21554683668464933,0.2588339222614841,26,"tensor([nan, nan])","tensor([53.2106,  0.5115])",0,0,grid_search_shd_int/mnist_biograd_quant_1_layers_int_16_16_8_transposed_loss_direct_frames_10_time_100364571_exp_shd_int_52
141,"{'out_layer': (0.5, 2000.0, 4000.0, 1.0, 1.0, 0, 9.5367431640625e-07), 'hidden_layer': [(0.5, 1000.0, 2000.0, 1.0, -20, 3.814697265625e-06)]}",100364571,50,0.243379107405591,0.26855123674911663,31,"tensor([nan, nan])","tensor([27.5298,  0.5305])",0,0,grid_search_shd_int/mnist_biograd_quant_1_layers_int_16_16_8_transposed_loss_direct_frames_10_time_100364571_exp_shd_int_141
72,"{'out_layer': (0.5, 4000.0, 8000.0, 1.0, 1.0, 0, 9.5367431640625e-07), 'hidden_layer': [(0.5, 15.625, 31.25, 1.0, -12, 3.814697265625e-06)]}",100364571,50,0.10605689063266308,0.14531802120141343,36,"tensor([nan, nan])","tensor([10.0777,  0.5203])",0,0,grid_search_shd_int/mnist_biograd_quant_1_layers_int_16_16_8_transposed_loss_direct_frames_10_time_100364571_exp_shd_int_72
24,"{'out_layer': (0.5, 62.5, 125.0, 1.0, 1.0, 0, 9.5367431640625e-07), 'hidden_layer': [(0.5, 15.625, 31.25, 1.0, -20, 3.814697265625e-06)]}",100364571,50,0.08386463952918097,0.11130742049469965,46,"tensor([nan, nan])","tensor([39.8446,  0.0495])",0,0,grid_search_shd_int/mnist_biograd_quant_1_layers_int_16_16_8_transposed_loss_direct_frames_10_time_100364571_exp_shd_int_24
67,"{'out_layer': (0.5, 16000.0, 32000.0, 1.0, 1.0, -2, 9.5367431640625e-07), 'hidden_layer': [(0.5, 250.0, 500.0, 1.0, -16, 3.814697265625e-06)]}",100364571,50,0.23357037763609612,0.30167844522968196,46,"tensor([nan, nan])","tensor([28.6696,  0.5126])",0,0,grid_search_shd_int/mnist_biograd_quant_1_layers_int_16_16_8_transposed_loss_direct_frames_10_time_100364571_exp_shd_int_67
199,"{'out_layer': (0.5, 62.5, 125.0, 1.0, 1.0, -2, 9.5367431640625e-07), 'hidden_layer': [(0.5, 125.0, 250.0, 1.0, -12, 3.814697265625e-06)]}",100364571,50,0.09109857773418342,0.10512367491166077,42,"tensor([nan, nan])","tensor([30.9714,  0.0828])",0,0,grid_search_shd_int/mnist_biograd_quant_1_layers_int_16_16_8_transposed_loss_direct_frames_10_time_100364571_exp_shd_int_199
1,"{'out_layer': (0.5, 15.625, 31.25, 1.0, 1.0, -2, 9.5367431640625e-07), 'hidden_layer': [(0.5, 15.625, 31.25, 1.0, -12, 3.814697265625e-06)]}",100364571,50,0.07417851888180481,0.0812720848056537,8,"tensor([nan, nan])","tensor([18.9416,  0.1050])",0,0,grid_search_shd_int/mnist_biograd_quant_1_layers_int_16_16_8_transposed_loss_direct_frames_10_time_100364571_exp_shd_int_1
76,"{'out_layer': (0.5, 4000.0, 8000.0, 1.0, 1.0, -2, 9.5367431640625e-07), 'hidden_layer': [(0.5, 15.625, 31.25, 1.0, -16, 3.814697265625e-06)]}",100364571,50,0.26471309465424225,0.3299469964664311,49,"tensor([nan, nan])","tensor([22.8591,  0.5234])",0,0,grid_search_shd_int/mnist_biograd_quant_1_layers_int_16_16_8_transposed_loss_direct_frames_10_time_100364571_exp_shd_int_76
21,"{'out_layer': (0.5, 62.5, 125.0, 1.0, 1.0, 0, 9.5367431640625e-07), 'hidden_layer': [(0.5, 15.625, 31.25, 1.0, -16, 3.814697265625e-06)]}",100364571,50,0.2951201569396763,0.26899293286219084,36,"tensor([nan, nan])","tensor([6.5307, 0.6008])",0,0,grid_search_shd_int/mnist_biograd_quant_1_layers_int_16_16_8_transposed_loss_direct_frames_10_time_100364571_exp_shd_int_21
19,"{'out_layer': (0.5, 62.5, 125.0, 1.0, 1.0, -2, 9.5367431640625e-07), 'hidden_layer': [(0.5, 15.625, 31.25, 1.0, -12, 3.814697265625e-06)]}",100364571,50,0.1467631191760667,0.14620141342756185,49,"tensor([nan, nan])","tensor([16.8277,  0.1928])",0,0,grid_search_shd_int/mnist_biograd_quant_1_layers_int_16_16_8_transposed_loss_direct_frames_10_time_100364571_exp_shd_int_19
92,"{'out_layer': (0.5, 15.625, 31.25, 1.0, 1.0, -4, 9.5367431640625e-07), 'hidden_layer': [(0.5, 62.5, 125.0, 1.0, -12, 3.814697265625e-06)]}",100364571,50,0.09330554193231977,0.09673144876325088,24,"tensor([nan, nan])","tensor([33.2421,  0.0799])",0,0,grid_search_shd_int/mnist_biograd_quant_1_layers_int_16_16_8_transposed_loss_direct_frames_10_time_100364571_exp_shd_int_92
49,"{'out_layer': (0.5, 2000.0, 4000.0, 1.0, 1.0, -2, 9.5367431640625e-07), 'hidden_layer': [(0.5, 250.0, 500.0, 1.0, -16, 3.814697265625e-06)]}",100364571,50,0.3002697400686611,0.3206713780918728,44,"tensor([nan, nan])","tensor([9.7398, 0.5279])",0,0,grid_search_shd_int/mnist_biograd_quant_1_layers_int_16_16_8_transposed_loss_direct_frames_10_time_100364571_exp_shd_int_49
116,"{'out_layer': (0.5, 62.5, 125.0, 1.0, 1.0, -4, 9.5367431640625e-07), 'hidden_layer': [(0.5, 62.5, 125.0, 1.0, -20, 3.814697265625e-06)]}",100364571,50,0.05272192251103482,0.07420494699646643,0,"tensor([nan, nan])","tensor([40.0831,  1.9006])",0,0,grid_search_shd_int/mnist_biograd_quant_1_layers_int_16_16_8_transposed_loss_direct_frames_10_time_100364571_exp_shd_int_116
85,"{'out_layer': (0.5, 64000, 128000, 1.0, 1.0, -2, 9.5367431640625e-07), 'hidden_layer': [(0.5, 250.0, 500.0, 1.0, -16, 3.814697265625e-06)]}",100364571,50,0.13425698871996075,0.2124558303886926,40,"tensor([nan, nan])","tensor([56.9353,  0.4967])",0,0,grid_search_shd_int/mnist_biograd_quant_1_layers_int_16_16_8_transposed_loss_direct_frames_10_time_100364571_exp_shd_int_85
8,"{'out_layer': (0.5, 15.625, 31.25, 1.0, 1.0, -4, 9.5367431640625e-07), 'hidden_layer': [(0.5, 15.625, 31.25, 1.0, -20, 3.814697265625e-06)]}",100364571,50,0.054561059342815105,0.07376325088339222,3,"tensor([nan, nan])","tensor([48.4017,  0.4337])",0,0,grid_search_shd_int/mnist_biograd_quant_1_layers_int_16_16_8_transposed_loss_direct_frames_10_time_100364571_exp_shd_int_8
114,"{'out_layer': (0.5, 62.5, 125.0, 1.0, 1.0, 0, 9.5367431640625e-07), 'hidden_layer': [(0.5, 62.5, 125.0, 1.0, -20, 3.814697265625e-06)]}",100364571,50,0.12297694948504169,0.1338339222614841,49,"tensor([nan, nan])","tensor([34.6190,  0.0796])",0,0,grid_search_shd_int/mnist_biograd_quant_1_layers_int_16_16_8_transposed_loss_direct_frames_10_time_100364571_exp_shd_int_114
117,"{'out_layer': (0.5, 1000.0, 2000.0, 1.0, 1.0, 0, 9.5367431640625e-07), 'hidden_layer': [(0.5, 1000.0, 2000.0, 1.0, -12, 3.814697265625e-06)]}",100364571,50,0.04879843060323688,0.05918727915194346,44,"tensor([nan, nan])","tensor([5.6417, 0.0120])",0,0,grid_search_shd_int/mnist_biograd_quant_1_layers_int_16_16_8_transposed_loss_direct_frames_10_time_100364571_exp_shd_int_117
44,"{'out_layer': (0.5, 125.0, 250.0, 1.0, 1.0, -4, 9.5367431640625e-07), 'hidden_layer': [(0.5, 15.625, 31.25, 1.0, -20, 3.814697265625e-06)]}",100364571,50,0.0767533104462972,0.09231448763250884,48,"tensor([nan, nan])","tensor([75.1721,  0.1786])",0,0,grid_search_shd_int/mnist_biograd_quant_1_layers_int_16_16_8_transposed_loss_direct_frames_10_time_100364571_exp_shd_int_44
143,"{'out_layer': (0.5, 2000.0, 4000.0, 1.0, 1.0, -4, 9.5367431640625e-07), 'hidden_layer': [(0.5, 1000.0, 2000.0, 1.0, -20, 3.814697265625e-06)]}",100364571,50,0.1954389406571849,0.22393992932862192,27,"tensor([nan, nan])","tensor([76.0592,  0.5536])",0,0,grid_search_shd_int/mnist_biograd_quant_1_layers_int_16_16_8_transposed_loss_direct_frames_10_time_100364571_exp_shd_int_143
213,"{'out_layer': (0.5, 1000.0, 2000.0, 1.0, 1.0, 0, 9.5367431640625e-07), 'hidden_layer': [(0.5, 2000.0, 4000.0, 1.0, -20, 3.814697265625e-06)]}",100364571,50,0.26508092202059835,0.2751766784452297,44,"tensor([nan, nan])","tensor([24.2181,  0.5292])",0,0,grid_search_shd_int/mnist_biograd_quant_1_layers_int_16_16_8_transposed_loss_direct_frames_10_time_100364571_exp_shd_int_213
220,"{'out_layer': (0.5, 125.0, 250.0, 1.0, 1.0, -2, 9.5367431640625e-07), 'hidden_layer': [(0.5, 125.0, 250.0, 1.0, -16, 3.814697265625e-06)]}",100364571,50,0.2491417361451692,0.2840106007067138,17,"tensor([nan, nan])","tensor([6.4209, 0.6724])",0,0,grid_search_shd_int/mnist_biograd_quant_1_layers_int_16_16_8_transposed_loss_direct_frames_10_time_100364571_exp_shd_int_220
48,"{'out_layer': (0.5, 2000.0, 4000.0, 1.0, 1.0, 0, 9.5367431640625e-07), 'hidden_layer': [(0.5, 250.0, 500.0, 1.0, -16, 3.814697265625e-06)]}",100364571,50,0.306154977930358,0.3542402826855124,44,"tensor([nan, nan])","tensor([6.2274, 0.5682])",0,0,grid_search_shd_int/mnist_biograd_quant_1_layers_int_16_16_8_transposed_loss_direct_frames_10_time_100364571_exp_shd_int_48
39,"{'out_layer': (0.5, 125.0, 250.0, 1.0, 1.0, 0, 9.5367431640625e-07), 'hidden_layer': [(0.5, 15.625, 31.25, 1.0, -16, 3.814697265625e-06)]}",100364571,50,0.3325159391858754,0.299469964664311,46,"tensor([nan, nan])","tensor([9.9968, 0.6857])",0,0,grid_search_shd_int/mnist_biograd_quant_1_layers_int_16_16_8_transposed_loss_direct_frames_10_time_100364571_exp_shd_int_39
128,"{'out_layer': (0.5, 125.0, 250.0, 1.0, 1.0, -4, 9.5367431640625e-07), 'hidden_layer': [(0.5, 62.5, 125.0, 1.0, -12, 3.814697265625e-06)]}",100364571,50,0.11500735654732712,0.14045936395759717,44,"tensor([nan, nan])","tensor([30.3730,  0.1827])",0,0,grid_search_shd_int/mnist_biograd_quant_1_layers_int_16_16_8_transposed_loss_direct_frames_10_time_100364571_exp_shd_int_128
101,"{'out_layer': (0.5, 250.0, 500.0, 1.0, 1.0, -4, 9.5367431640625e-07), 'hidden_layer': [(0.5, 1000.0, 2000.0, 1.0, -12, 3.814697265625e-06)]}",100364571,50,0.10029426189308485,0.12941696113074205,33,"tensor([nan, nan])","tensor([34.4867,  0.1230])",0,0,grid_search_shd_int/mnist_biograd_quant_1_layers_int_16_16_8_transposed_loss_direct_frames_10_time_100364571_exp_shd_int_101
20,"{'out_layer': (0.5, 62.5, 125.0, 1.0, 1.0, -4, 9.5367431640625e-07), 'hidden_layer': [(0.5, 15.625, 31.25, 1.0, -12, 3.814697265625e-06)]}",100364571,50,0.1331535066208926,0.15724381625441697,21,"tensor([nan, nan])","tensor([17.5670,  0.2309])",0,0,grid_search_shd_int/mnist_biograd_quant_1_layers_int_16_16_8_transposed_loss_direct_frames_10_time_100364571_exp_shd_int_20
107,"{'out_layer': (0.5, 250.0, 500.0, 1.0, 1.0, -4, 9.5367431640625e-07), 'hidden_layer': [(0.5, 1000.0, 2000.0, 1.0, -20, 3.814697265625e-06)]}",100364571,50,0.17753800882785678,0.18153710247349825,15,"tensor([nan, nan])","tensor([69.8701,  0.5155])",0,0,grid_search_shd_int/mnist_biograd_quant_1_layers_int_16_16_8_transposed_loss_direct_frames_10_time_100364571_exp_shd_int_107
157,"{'out_layer': (0.5, 16000.0, 32000.0, 1.0, 1.0, -2, 9.5367431640625e-07), 'hidden_layer': [(0.5, 1000.0, 2000.0, 1.0, -16, 3.814697265625e-06)]}",100364571,50,0.23749386954389407,0.2910777385159011,47,"tensor([nan, nan])","tensor([23.4628,  0.5038])",0,0,grid_search_shd_int/mnist_biograd_quant_1_layers_int_16_16_8_transposed_loss_direct_frames_10_time_100364571_exp_shd_int_157
173,"{'out_layer': (0.5, 64000, 128000, 1.0, 1.0, -4, 9.5367431640625e-07), 'hidden_layer': [(0.5, 1000.0, 2000.0, 1.0, -12, 3.814697265625e-06)]}",100364571,50,0.0657184894556155,0.10644876325088339,24,"tensor([nan, nan])","tensor([55.0366,  0.5001])",0,0,grid_search_shd_int/mnist_biograd_quant_1_layers_int_16_16_8_transposed_loss_direct_frames_10_time_100364571_exp_shd_int_173
183,"{'out_layer': (0.5, 15.625, 31.25, 1.0, 1.0, 0, 9.5367431640625e-07), 'hidden_layer': [(0.5, 125.0, 250.0, 1.0, -16, 3.814697265625e-06)]}",100364571,50,0.2713339872486513,0.23498233215547704,48,"tensor([nan, nan])","tensor([2.9188, 0.4818])",0,0,grid_search_shd_int/mnist_biograd_quant_1_layers_int_16_16_8_transposed_loss_direct_frames_10_time_100364571_exp_shd_int_183
27,"{'out_layer': (0.5, 1000.0, 2000.0, 1.0, 1.0, 0, 9.5367431640625e-07), 'hidden_layer': [(0.5, 250.0, 500.0, 1.0, -12, 3.814697265625e-06)]}",100364571,50,0.051128003923491906,0.04549469964664311,0,"tensor([nan, nan])","tensor([18.9920,  0.0000])",0,0,grid_search_shd_int/mnist_biograd_quant_1_layers_int_16_16_8_transposed_loss_direct_frames_10_time_100364571_exp_shd_int_27
6,"{'out_layer': (0.5, 15.625, 31.25, 1.0, 1.0, 0, 9.5367431640625e-07), 'hidden_layer': [(0.5, 15.625, 31.25, 1.0, -20, 3.814697265625e-06)]}",100364571,50,0.05566454144188328,0.05874558303886926,1,"tensor([nan, nan])","tensor([41.7093,  0.1255])",0,0,grid_search_shd_int/mnist_biograd_quant_1_layers_int_16_16_8_transposed_loss_direct_frames_10_time_100364571_exp_shd_int_6
18,"{'out_layer': (0.5, 62.5, 125.0, 1.0, 1.0, 0, 9.5367431640625e-07), 'hidden_layer': [(0.5, 15.625, 31.25, 1.0, -12, 3.814697265625e-06)]}",100364571,50,0.10679254536537518,0.0896643109540636,46,"tensor([nan, nan])","tensor([7.9293, 0.1139])",0,0,grid_search_shd_int/mnist_biograd_quant_1_layers_int_16_16_8_transposed_loss_direct_frames_10_time_100364571_exp_shd_int_18
202,"{'out_layer': (0.5, 62.5, 125.0, 1.0, 1.0, -2, 9.5367431640625e-07), 'hidden_layer': [(0.5, 125.0, 250.0, 1.0, -16, 3.814697265625e-06)]}",100364571,50,0.3165767533104463,0.28136042402826855,46,"tensor([nan, nan])","tensor([12.6706,  0.5985])",0,0,grid_search_shd_int/mnist_biograd_quant_1_layers_int_16_16_8_transposed_loss_direct_frames_10_time_100364571_exp_shd_int_202
200,"{'out_layer': (0.5, 62.5, 125.0, 1.0, 1.0, -4, 9.5367431640625e-07), 'hidden_layer': [(0.5, 125.0, 250.0, 1.0, -12, 3.814697265625e-06)]}",100364571,50,0.10789602746444335,0.12765017667844522,36,"tensor([nan, nan])","tensor([33.9689,  0.1314])",0,0,grid_search_shd_int/mnist_biograd_quant_1_layers_int_16_16_8_transposed_loss_direct_frames_10_time_100364571_exp_shd_int_200
62,"{'out_layer': (0.5, 1000.0, 2000.0, 1.0, 1.0, -4, 9.5367431640625e-07), 'hidden_layer': [(0.5, 15.625, 31.25, 1.0, -20, 3.814697265625e-06)]}",100364571,50,0.09122118685630211,0.13869257950530034,35,"tensor([nan, nan])","tensor([84.5130,  0.1289])",0,0,grid_search_shd_int/mnist_biograd_quant_1_layers_int_16_16_8_transposed_loss_direct_frames_10_time_100364571_exp_shd_int_62
82,"{'out_layer': (0.5, 64000, 128000, 1.0, 1.0, -2, 9.5367431640625e-07), 'hidden_layer': [(0.5, 250.0, 500.0, 1.0, -12, 3.814697265625e-06)]}",100364571,50,0.0784698381559588,0.10512367491166077,40,"tensor([nan, nan])","tensor([47.2096,  0.4954])",0,0,grid_search_shd_int/mnist_biograd_quant_1_layers_int_16_16_8_transposed_loss_direct_frames_10_time_100364571_exp_shd_int_82
165,"{'out_layer': (0.5, 4000.0, 8000.0, 1.0, 1.0, 0, 9.5367431640625e-07), 'hidden_layer': [(0.5, 62.5, 125.0, 1.0, -16, 3.814697265625e-06)]}",100364571,50,0.3239333006375674,0.35159010600706714,48,"tensor([nan, nan])","tensor([10.1153,  0.5550])",0,0,grid_search_shd_int/mnist_biograd_quant_1_layers_int_16_16_8_transposed_loss_direct_frames_10_time_100364571_exp_shd_int_165
37,"{'out_layer': (0.5, 125.0, 250.0, 1.0, 1.0, -2, 9.5367431640625e-07), 'hidden_layer': [(0.5, 15.625, 31.25, 1.0, -12, 3.814697265625e-06)]}",100364571,50,0.131436978911231,0.16386925795053003,33,"tensor([nan, nan])","tensor([12.4078,  0.2304])",0,0,grid_search_shd_int/mnist_biograd_quant_1_layers_int_16_16_8_transposed_loss_direct_frames_10_time_100364571_exp_shd_int_37
167,"{'out_layer': (0.5, 4000.0, 8000.0, 1.0, 1.0, -4, 9.5367431640625e-07), 'hidden_layer': [(0.5, 62.5, 125.0, 1.0, -16, 3.814697265625e-06)]}",100364571,50,0.2501226091221187,0.2968197879858657,44,"tensor([nan, nan])","tensor([34.7716,  0.5232])",0,0,grid_search_shd_int/mnist_biograd_quant_1_layers_int_16_16_8_transposed_loss_direct_frames_10_time_100364571_exp_shd_int_167
91,"{'out_layer': (0.5, 15.625, 31.25, 1.0, 1.0, -2, 9.5367431640625e-07), 'hidden_layer': [(0.5, 62.5, 125.0, 1.0, -12, 3.814697265625e-06)]}",100364571,50,0.08386463952918097,0.08480565371024736,47,"tensor([nan, nan])","tensor([36.5690,  0.0430])",0,0,grid_search_shd_int/mnist_biograd_quant_1_layers_int_16_16_8_transposed_loss_direct_frames_10_time_100364571_exp_shd_int_91
138,"{'out_layer': (0.5, 2000.0, 4000.0, 1.0, 1.0, 0, 9.5367431640625e-07), 'hidden_layer': [(0.5, 1000.0, 2000.0, 1.0, -16, 3.814697265625e-06)]}",100364571,50,0.32454634624816087,0.34496466431095407,49,"tensor([nan, nan])","tensor([6.0053, 0.5671])",0,0,grid_search_shd_int/mnist_biograd_quant_1_layers_int_16_16_8_transposed_loss_direct_frames_10_time_100364571_exp_shd_int_138
97,"{'out_layer': (0.5, 15.625, 31.25, 1.0, 1.0, -2, 9.5367431640625e-07), 'hidden_layer': [(0.5, 62.5, 125.0, 1.0, -20, 3.814697265625e-06)]}",100364571,50,0.05259931338891614,0.06890459363957598,0,"tensor([nan, nan])","tensor([40.8053,  1.9362])",0,0,grid_search_shd_int/mnist_biograd_quant_1_layers_int_16_16_8_transposed_loss_direct_frames_10_time_100364571_exp_shd_int_97
56,"{'out_layer': (0.5, 1000.0, 2000.0, 1.0, 1.0, -4, 9.5367431640625e-07), 'hidden_layer': [(0.5, 15.625, 31.25, 1.0, -12, 3.814697265625e-06)]}",100364571,50,0.13008827856792546,0.15415194346289754,29,"tensor([nan, nan])","tensor([17.5770,  0.5502])",0,0,grid_search_shd_int/mnist_biograd_quant_1_layers_int_16_16_8_transposed_loss_direct_frames_10_time_100364571_exp_shd_int_56
16,"{'out_layer': (0.5, 250.0, 500.0, 1.0, 1.0, -2, 9.5367431640625e-07), 'hidden_layer': [(0.5, 250.0, 500.0, 1.0, -20, 3.814697265625e-06)]}",100364571,50,0.15080922020598334,0.15415194346289754,11,"tensor([nan, nan])","tensor([46.1979,  0.2740])",0,0,grid_search_shd_int/mnist_biograd_quant_1_layers_int_16_16_8_transposed_loss_direct_frames_10_time_100364571_exp_shd_int_16
33,"{'out_layer': (0.5, 1000.0, 2000.0, 1.0, 1.0, 0, 9.5367431640625e-07), 'hidden_layer': [(0.5, 250.0, 500.0, 1.0, -20, 3.814697265625e-06)]}",100364571,50,0.23528690534575772,0.2676678445229682,46,"tensor([nan, nan])","tensor([31.0419,  0.5104])",0,0,grid_search_shd_int/mnist_biograd_quant_1_layers_int_16_16_8_transposed_loss_direct_frames_10_time_100364571_exp_shd_int_33
87,"{'out_layer': (0.5, 64000, 128000, 1.0, 1.0, 0, 9.5367431640625e-07), 'hidden_layer': [(0.5, 250.0, 500.0, 1.0, -20, 3.814697265625e-06)]}",100364571,50,0.24754781755762628,0.30962897526501765,39,"tensor([nan, nan])","tensor([40.5691,  0.5182])",0,0,grid_search_shd_int/mnist_biograd_quant_1_layers_int_16_16_8_transposed_loss_direct_frames_10_time_100364571_exp_shd_int_87
217,"{'out_layer': (0.5, 125.0, 250.0, 1.0, 1.0, -2, 9.5367431640625e-07), 'hidden_layer': [(0.5, 125.0, 250.0, 1.0, -12, 3.814697265625e-06)]}",100364571,50,0.061304561059342816,0.08568904593639576,18,"tensor([nan, nan])","tensor([28.9559,  0.0489])",0,0,grid_search_shd_int/mnist_biograd_quant_1_layers_int_16_16_8_transposed_loss_direct_frames_10_time_100364571_exp_shd_int_217
7,"{'out_layer': (0.5, 15.625, 31.25, 1.0, 1.0, -2, 9.5367431640625e-07), 'hidden_layer': [(0.5, 15.625, 31.25, 1.0, -20, 3.814697265625e-06)]}",100364571,50,0.05480627758705248,0.06934628975265017,0,"tensor([nan, nan])","tensor([39.1007,  3.1478])",0,0,grid_search_shd_int/mnist_biograd_quant_1_layers_int_16_16_8_transposed_loss_direct_frames_10_time_100364571_exp_shd_int_7
194,"{'out_layer': (0.5, 250.0, 500.0, 1.0, 1.0, -4, 9.5367431640625e-07), 'hidden_layer': [(0.5, 2000.0, 4000.0, 1.0, -16, 3.814697265625e-06)]}",100364571,50,0.31020107896027466,0.2941696113074205,49,"tensor([nan, nan])","tensor([10.6714,  0.6527])",0,0,grid_search_shd_int/mnist_biograd_quant_1_layers_int_16_16_8_transposed_loss_direct_frames_10_time_100364571_exp_shd_int_194
142,"{'out_layer': (0.5, 2000.0, 4000.0, 1.0, 1.0, -2, 9.5367431640625e-07), 'hidden_layer': [(0.5, 1000.0, 2000.0, 1.0, -20, 3.814697265625e-06)]}",100364571,50,0.20782246199117213,0.2420494699646643,48,"tensor([nan, nan])","tensor([50.7260,  0.5036])",0,0,grid_search_shd_int/mnist_biograd_quant_1_layers_int_16_16_8_transposed_loss_direct_frames_10_time_100364571_exp_shd_int_142
23,"{'out_layer': (0.5, 62.5, 125.0, 1.0, 1.0, -4, 9.5367431640625e-07), 'hidden_layer': [(0.5, 15.625, 31.25, 1.0, -16, 3.814697265625e-06)]}",100364571,50,0.20671897989210397,0.22924028268551236,47,"tensor([nan, nan])","tensor([20.8532,  0.4117])",0,0,grid_search_shd_int/mnist_biograd_quant_1_layers_int_16_16_8_transposed_loss_direct_frames_10_time_100364571_exp_shd_int_23
98,"{'out_layer': (0.5, 15.625, 31.25, 1.0, 1.0, -4, 9.5367431640625e-07), 'hidden_layer': [(0.5, 62.5, 125.0, 1.0, -20, 3.814697265625e-06)]}",100364571,50,0.057381069151544874,0.06846289752650177,2,"tensor([nan, nan])","tensor([55.4183,  0.4846])",0,0,grid_search_shd_int/mnist_biograd_quant_1_layers_int_16_16_8_transposed_loss_direct_frames_10_time_100364571_exp_shd_int_98
3,"{'out_layer': (0.5, 15.625, 31.25, 1.0, 1.0, 0, 9.5367431640625e-07), 'hidden_layer': [(0.5, 15.625, 31.25, 1.0, -16, 3.814697265625e-06)]}",100364571,50,0.17766061794997548,0.19390459363957596,48,"tensor([nan, nan])","tensor([3.1512, 0.3403])",0,0,grid_search_shd_int/mnist_biograd_quant_1_layers_int_16_16_8_transposed_loss_direct_frames_10_time_100364571_exp_shd_int_3
169,"{'out_layer': (0.5, 4000.0, 8000.0, 1.0, 1.0, -2, 9.5367431640625e-07), 'hidden_layer': [(0.5, 62.5, 125.0, 1.0, -20, 3.814697265625e-06)]}",100364571,50,0.21383030897498773,0.23498233215547704,32,"tensor([nan, nan])","tensor([61.8375,  0.5333])",0,0,grid_search_shd_int/mnist_biograd_quant_1_layers_int_16_16_8_transposed_loss_direct_frames_10_time_100364571_exp_shd_int_169
73,"{'out_layer': (0.5, 4000.0, 8000.0, 1.0, 1.0, -2, 9.5367431640625e-07), 'hidden_layer': [(0.5, 15.625, 31.25, 1.0, -12, 3.814697265625e-06)]}",100364571,50,0.11243256498283473,0.16784452296819788,25,"tensor([nan, nan])","tensor([9.0303, 0.4932])",0,0,grid_search_shd_int/mnist_biograd_quant_1_layers_int_16_16_8_transposed_loss_direct_frames_10_time_100364571_exp_shd_int_73
64,"{'out_layer': (0.5, 16000.0, 32000.0, 1.0, 1.0, -2, 9.5367431640625e-07), 'hidden_layer': [(0.5, 250.0, 500.0, 1.0, -12, 3.814697265625e-06)]}",100364571,50,0.10642471799901913,0.1978798586572438,28,"tensor([nan, nan])","tensor([24.3295,  0.5097])",0,0,grid_search_shd_int/mnist_biograd_quant_1_layers_int_16_16_8_transposed_loss_direct_frames_10_time_100364571_exp_shd_int_64
176,"{'out_layer': (0.5, 64000, 128000, 1.0, 1.0, -4, 9.5367431640625e-07), 'hidden_layer': [(0.5, 1000.0, 2000.0, 1.0, -16, 3.814697265625e-06)]}",100364571,50,0.08754291319274154,0.127208480565371,36,"tensor([nan, nan])","tensor([62.6222,  0.5296])",0,0,grid_search_shd_int/mnist_biograd_quant_1_layers_int_16_16_8_transposed_loss_direct_frames_10_time_100364571_exp_shd_int_176
89,"{'out_layer': (0.5, 64000, 128000, 1.0, 1.0, -4, 9.5367431640625e-07), 'hidden_layer': [(0.5, 250.0, 500.0, 1.0, -20, 3.814697265625e-06)]}",100364571,50,0.1321726336439431,0.17446996466431094,40,"tensor([nan, nan])","tensor([91.3168,  0.5081])",0,0,grid_search_shd_int/mnist_biograd_quant_1_layers_int_16_16_8_transposed_loss_direct_frames_10_time_100364571_exp_shd_int_89
17,"{'out_layer': (0.5, 250.0, 500.0, 1.0, 1.0, -4, 9.5367431640625e-07), 'hidden_layer': [(0.5, 250.0, 500.0, 1.0, -20, 3.814697265625e-06)]}",100364571,50,0.10752820009808729,0.13162544169611307,20,"tensor([nan, nan])","tensor([80.5985,  0.2157])",0,0,grid_search_shd_int/mnist_biograd_quant_1_layers_int_16_16_8_transposed_loss_direct_frames_10_time_100364571_exp_shd_int_17
131,"{'out_layer': (0.5, 125.0, 250.0, 1.0, 1.0, -4, 9.5367431640625e-07), 'hidden_layer': [(0.5, 62.5, 125.0, 1.0, -16, 3.814697265625e-06)]}",100364571,50,0.24791564492398235,0.23454063604240283,48,"tensor([nan, nan])","tensor([31.8013,  0.6796])",0,0,grid_search_shd_int/mnist_biograd_quant_1_layers_int_16_16_8_transposed_loss_direct_frames_10_time_100364571_exp_shd_int_131
111,"{'out_layer': (0.5, 62.5, 125.0, 1.0, 1.0, 0, 9.5367431640625e-07), 'hidden_layer': [(0.5, 62.5, 125.0, 1.0, -16, 3.814697265625e-06)]}",100364571,50,0.3200098087297695,0.3043286219081272,47,"tensor([nan, nan])","tensor([6.5598, 0.6566])",0,0,grid_search_shd_int/mnist_biograd_quant_1_layers_int_16_16_8_transposed_loss_direct_frames_10_time_100364571_exp_shd_int_111
83,"{'out_layer': (0.5, 64000, 128000, 1.0, 1.0, -4, 9.5367431640625e-07), 'hidden_layer': [(0.5, 250.0, 500.0, 1.0, -12, 3.814697265625e-06)]}",100364571,50,0.05407062285434036,0.09143109540636042,5,"tensor([nan, nan])","tensor([53.7656,  0.5336])",0,0,grid_search_shd_int/mnist_biograd_quant_1_layers_int_16_16_8_transposed_loss_direct_frames_10_time_100364571_exp_shd_int_83
40,"{'out_layer': (0.5, 125.0, 250.0, 1.0, 1.0, -2, 9.5367431640625e-07), 'hidden_layer': [(0.5, 15.625, 31.25, 1.0, -16, 3.814697265625e-06)]}",100364571,50,0.24092692496321727,0.25309187279151946,43,"tensor([nan, nan])","tensor([17.7669,  0.4884])",0,0,grid_search_shd_int/mnist_biograd_quant_1_layers_int_16_16_8_transposed_loss_direct_frames_10_time_100364571_exp_shd_int_40
211,"{'out_layer': (0.5, 1000.0, 2000.0, 1.0, 1.0, -2, 9.5367431640625e-07), 'hidden_layer': [(0.5, 2000.0, 4000.0, 1.0, -16, 3.814697265625e-06)]}",100364571,50,0.3396272682687592,0.3330388692579505,47,"tensor([nan, nan])","tensor([5.4615, 0.5478])",0,0,grid_search_shd_int/mnist_biograd_quant_1_layers_int_16_16_8_transposed_loss_direct_frames_10_time_100364571_exp_shd_int_211
129,"{'out_layer': (0.5, 125.0, 250.0, 1.0, 1.0, 0, 9.5367431640625e-07), 'hidden_layer': [(0.5, 62.5, 125.0, 1.0, -16, 3.814697265625e-06)]}",100364571,50,0.3350907307503678,0.28931095406360424,48,"tensor([nan, nan])","tensor([7.7656, 0.6882])",0,0,grid_search_shd_int/mnist_biograd_quant_1_layers_int_16_16_8_transposed_loss_direct_frames_10_time_100364571_exp_shd_int_129
124,"{'out_layer': (0.5, 1000.0, 2000.0, 1.0, 1.0, -2, 9.5367431640625e-07), 'hidden_layer': [(0.5, 1000.0, 2000.0, 1.0, -20, 3.814697265625e-06)]}",100364571,50,0.17937714565963708,0.23851590106007067,3,"tensor([nan, nan])","tensor([15.3769,  0.5813])",0,0,grid_search_shd_int/mnist_biograd_quant_1_layers_int_16_16_8_transposed_loss_direct_frames_10_time_100364571_exp_shd_int_124
177,"{'out_layer': (0.5, 64000, 128000, 1.0, 1.0, 0, 9.5367431640625e-07), 'hidden_layer': [(0.5, 1000.0, 2000.0, 1.0, -20, 3.814697265625e-06)]}",100364571,50,0.2721922511034821,0.3202296819787986,48,"tensor([nan, nan])","tensor([31.9182,  0.5213])",0,0,grid_search_shd_int/mnist_biograd_quant_1_layers_int_16_16_8_transposed_loss_direct_frames_10_time_100364571_exp_shd_int_177
159,"{'out_layer': (0.5, 16000.0, 32000.0, 1.0, 1.0, 0, 9.5367431640625e-07), 'hidden_layer': [(0.5, 1000.0, 2000.0, 1.0, -20, 3.814697265625e-06)]}",100364571,50,0.3095880333496812,0.3136042402826855,46,"tensor([nan, nan])","tensor([35.1668,  0.5523])",0,0,grid_search_shd_int/mnist_biograd_quant_1_layers_int_16_16_8_transposed_loss_direct_frames_10_time_100364571_exp_shd_int_159
41,"{'out_layer': (0.5, 125.0, 250.0, 1.0, 1.0, -4, 9.5367431640625e-07), 'hidden_layer': [(0.5, 15.625, 31.25, 1.0, -16, 3.814697265625e-06)]}",100364571,50,0.21284943599803827,0.2310070671378092,30,"tensor([nan, nan])","tensor([25.0455,  0.5296])",0,0,grid_search_shd_int/mnist_biograd_quant_1_layers_int_16_16_8_transposed_loss_direct_frames_10_time_100364571_exp_shd_int_41
0,"{'out_layer': (0.5, 15.625, 31.25, 1.0, 1.0, 0, 9.5367431640625e-07), 'hidden_layer': [(0.5, 15.625, 31.25, 1.0, -12, 3.814697265625e-06)]}",100364571,50,0.05652280529671407,0.071113074204947,0,"tensor([nan, nan])","tensor([20.4824,  0.8209])",0,0,grid_search_shd_int/mnist_biograd_quant_1_layers_int_16_16_8_transposed_loss_direct_frames_10_time_100364571_exp_shd_int_0
15,"{'out_layer': (0.5, 250.0, 500.0, 1.0, 1.0, 0, 9.5367431640625e-07), 'hidden_layer': [(0.5, 250.0, 500.0, 1.0, -20, 3.814697265625e-06)]}",100364571,50,0.21002942618930848,0.21289752650176677,27,"tensor([nan, nan])","tensor([25.5298,  0.4619])",0,0,grid_search_shd_int/mnist_biograd_quant_1_layers_int_16_16_8_transposed_loss_direct_frames_10_time_100364571_exp_shd_int_15
108,"{'out_layer': (0.5, 62.5, 125.0, 1.0, 1.0, 0, 9.5367431640625e-07), 'hidden_layer': [(0.5, 62.5, 125.0, 1.0, -12, 3.814697265625e-06)]}",100364571,50,0.0767533104462972,0.08568904593639576,15,"tensor([nan, nan])","tensor([20.7477,  0.0493])",0,0,grid_search_shd_int/mnist_biograd_quant_1_layers_int_16_16_8_transposed_loss_direct_frames_10_time_100364571_exp_shd_int_108
145,"{'out_layer': (0.5, 1000.0, 2000.0, 1.0, 1.0, -2, 9.5367431640625e-07), 'hidden_layer': [(0.5, 62.5, 125.0, 1.0, -12, 3.814697265625e-06)]}",100364571,50,0.0930603236880824,0.12455830388692579,39,"tensor([nan, nan])","tensor([16.6828,  0.0850])",0,0,grid_search_shd_int/mnist_biograd_quant_1_layers_int_16_16_8_transposed_loss_direct_frames_10_time_100364571_exp_shd_int_145
174,"{'out_layer': (0.5, 64000, 128000, 1.0, 1.0, 0, 9.5367431640625e-07), 'hidden_layer': [(0.5, 1000.0, 2000.0, 1.0, -16, 3.814697265625e-06)]}",100364571,50,0.17692496321726336,0.26369257950530034,45,"tensor([nan, nan])","tensor([24.8187,  0.5097])",0,0,grid_search_shd_int/mnist_biograd_quant_1_layers_int_16_16_8_transposed_loss_direct_frames_10_time_100364571_exp_shd_int_174
163,"{'out_layer': (0.5, 4000.0, 8000.0, 1.0, 1.0, -2, 9.5367431640625e-07), 'hidden_layer': [(0.5, 62.5, 125.0, 1.0, -12, 3.814697265625e-06)]}",100364571,50,0.140019617459539,0.18418727915194347,44,"tensor([nan, nan])","tensor([14.0173,  0.5402])",0,0,grid_search_shd_int/mnist_biograd_quant_1_layers_int_16_16_8_transposed_loss_direct_frames_10_time_100364571_exp_shd_int_163
206,"{'out_layer': (0.5, 62.5, 125.0, 1.0, 1.0, -4, 9.5367431640625e-07), 'hidden_layer': [(0.5, 125.0, 250.0, 1.0, -20, 3.814697265625e-06)]}",100364571,50,0.10568906326630702,0.09408127208480566,49,"tensor([nan, nan])","tensor([76.2127,  0.1630])",0,0,grid_search_shd_int/mnist_biograd_quant_1_layers_int_16_16_8_transposed_loss_direct_frames_10_time_100364571_exp_shd_int_206
195,"{'out_layer': (0.5, 250.0, 500.0, 1.0, 1.0, 0, 9.5367431640625e-07), 'hidden_layer': [(0.5, 2000.0, 4000.0, 1.0, -20, 3.814697265625e-06)]}",100364571,50,0.2149337910740559,0.22084805653710246,27,"tensor([nan, nan])","tensor([24.9518,  0.4688])",0,0,grid_search_shd_int/mnist_biograd_quant_1_layers_int_16_16_8_transposed_loss_direct_frames_10_time_100364571_exp_shd_int_195
186,"{'out_layer': (0.5, 15.625, 31.25, 1.0, 1.0, 0, 9.5367431640625e-07), 'hidden_layer': [(0.5, 125.0, 250.0, 1.0, -20, 3.814697265625e-06)]}",100364571,50,0.0743011280039235,0.06007067137809187,47,"tensor([nan, nan])","tensor([4.9519e+01, 3.1454e-02])",0,0,grid_search_shd_int/mnist_biograd_quant_1_layers_int_16_16_8_transposed_loss_direct_frames_10_time_100364571_exp_shd_int_186
71,"{'out_layer': (0.5, 16000.0, 32000.0, 1.0, 1.0, -4, 9.5367431640625e-07), 'hidden_layer': [(0.5, 250.0, 500.0, 1.0, -20, 3.814697265625e-06)]}",100364571,50,0.15779794016674842,0.18109540636042404,44,"tensor([nan, nan])","tensor([88.6536,  0.5055])",0,0,grid_search_shd_int/mnist_biograd_quant_1_layers_int_16_16_8_transposed_loss_direct_frames_10_time_100364571_exp_shd_int_71
222,"{'out_layer': (0.5, 125.0, 250.0, 1.0, 1.0, 0, 9.5367431640625e-07), 'hidden_layer': [(0.5, 125.0, 250.0, 1.0, -20, 3.814697265625e-06)]}",100364571,50,0.17079450711132907,0.16342756183745583,16,"tensor([nan, nan])","tensor([25.6927,  0.3456])",0,0,grid_search_shd_int/mnist_biograd_quant_1_layers_int_16_16_8_transposed_loss_direct_frames_10_time_100364571_exp_shd_int_222
147,"{'out_layer': (0.5, 1000.0, 2000.0, 1.0, 1.0, 0, 9.5367431640625e-07), 'hidden_layer': [(0.5, 62.5, 125.0, 1.0, -16, 3.814697265625e-06)]}",100364571,50,0.34011770475723396,0.3330388692579505,48,"tensor([nan, nan])","tensor([8.5306, 0.6374])",0,0,grid_search_shd_int/mnist_biograd_quant_1_layers_int_16_16_8_transposed_loss_direct_frames_10_time_100364571_exp_shd_int_147
78,"{'out_layer': (0.5, 4000.0, 8000.0, 1.0, 1.0, 0, 9.5367431640625e-07), 'hidden_layer': [(0.5, 15.625, 31.25, 1.0, -20, 3.814697265625e-06)]}",100364571,50,0.27488965179009317,0.2999116607773852,43,"tensor([nan, nan])","tensor([40.7255,  0.5698])",0,0,grid_search_shd_int/mnist_biograd_quant_1_layers_int_16_16_8_transposed_loss_direct_frames_10_time_100364571_exp_shd_int_78
151,"{'out_layer': (0.5, 1000.0, 2000.0, 1.0, 1.0, -2, 9.5367431640625e-07), 'hidden_layer': [(0.5, 62.5, 125.0, 1.0, -20, 3.814697265625e-06)]}",100364571,50,0.18048062775870524,0.20185512367491165,48,"tensor([nan, nan])","tensor([52.0985,  0.4354])",0,0,grid_search_shd_int/mnist_biograd_quant_1_layers_int_16_16_8_transposed_loss_direct_frames_10_time_100364571_exp_shd_int_151
88,"{'out_layer': (0.5, 64000, 128000, 1.0, 1.0, -2, 9.5367431640625e-07), 'hidden_layer': [(0.5, 250.0, 500.0, 1.0, -20, 3.814697265625e-06)]}",100364571,50,0.16932319764590487,0.21819787985865724,42,"tensor([nan, nan])","tensor([77.9615,  0.5008])",0,0,grid_search_shd_int/mnist_biograd_quant_1_layers_int_16_16_8_transposed_loss_direct_frames_10_time_100364571_exp_shd_int_88
204,"{'out_layer': (0.5, 62.5, 125.0, 1.0, 1.0, 0, 9.5367431640625e-07), 'hidden_layer': [(0.5, 125.0, 250.0, 1.0, -20, 3.814697265625e-06)]}",100364571,50,0.15289357528200098,0.14620141342756185,40,"tensor([nan, nan])","tensor([24.5427,  0.2729])",0,0,grid_search_shd_int/mnist_biograd_quant_1_layers_int_16_16_8_transposed_loss_direct_frames_10_time_100364571_exp_shd_int_204
75,"{'out_layer': (0.5, 4000.0, 8000.0, 1.0, 1.0, 0, 9.5367431640625e-07), 'hidden_layer': [(0.5, 15.625, 31.25, 1.0, -16, 3.814697265625e-06)]}",100364571,50,0.2611574301128004,0.31934628975265017,39,"tensor([nan, nan])","tensor([14.6745,  0.5654])",0,0,grid_search_shd_int/mnist_biograd_quant_1_layers_int_16_16_8_transposed_loss_direct_frames_10_time_100364571_exp_shd_int_75
221,"{'out_layer': (0.5, 125.0, 250.0, 1.0, 1.0, -4, 9.5367431640625e-07), 'hidden_layer': [(0.5, 125.0, 250.0, 1.0, -16, 3.814697265625e-06)]}",100364571,50,0.26373222167729277,0.25574204946996465,29,"tensor([nan, nan])","tensor([19.6106,  0.7050])",0,0,grid_search_shd_int/mnist_biograd_quant_1_layers_int_16_16_8_transposed_loss_direct_frames_10_time_100364571_exp_shd_int_221
152,"{'out_layer': (0.5, 1000.0, 2000.0, 1.0, 1.0, -4, 9.5367431640625e-07), 'hidden_layer': [(0.5, 62.5, 125.0, 1.0, -20, 3.814697265625e-06)]}",100364571,50,0.13131436978911232,0.18330388692579505,39,"tensor([nan, nan])","tensor([81.6331,  0.3429])",0,0,grid_search_shd_int/mnist_biograd_quant_1_layers_int_16_16_8_transposed_loss_direct_frames_10_time_100364571_exp_shd_int_152
156,"{'out_layer': (0.5, 16000.0, 32000.0, 1.0, 1.0, 0, 9.5367431640625e-07), 'hidden_layer': [(0.5, 1000.0, 2000.0, 1.0, -16, 3.814697265625e-06)]}",100364571,50,0.23761647866601276,0.28533568904593637,43,"tensor([nan, nan])","tensor([10.0430,  0.5039])",0,0,grid_search_shd_int/mnist_biograd_quant_1_layers_int_16_16_8_transposed_loss_direct_frames_10_time_100364571_exp_shd_int_156
86,"{'out_layer': (0.5, 64000, 128000, 1.0, 1.0, -4, 9.5367431640625e-07), 'hidden_layer': [(0.5, 250.0, 500.0, 1.0, -16, 3.814697265625e-06)]}",100364571,50,0.09011770475723394,0.1417844522968198,44,"tensor([nan, nan])","tensor([66.7923,  0.5029])",0,0,grid_search_shd_int/mnist_biograd_quant_1_layers_int_16_16_8_transposed_loss_direct_frames_10_time_100364571_exp_shd_int_86
187,"{'out_layer': (0.5, 15.625, 31.25, 1.0, 1.0, -2, 9.5367431640625e-07), 'hidden_layer': [(0.5, 125.0, 250.0, 1.0, -20, 3.814697265625e-06)]}",100364571,50,0.05382540461010299,0.06625441696113074,0,"tensor([nan, nan])","tensor([40.3938,  1.5679])",0,0,grid_search_shd_int/mnist_biograd_quant_1_layers_int_16_16_8_transposed_loss_direct_frames_10_time_100364571_exp_shd_int_187
172,"{'out_layer': (0.5, 64000, 128000, 1.0, 1.0, -2, 9.5367431640625e-07), 'hidden_layer': [(0.5, 1000.0, 2000.0, 1.0, -12, 3.814697265625e-06)]}",100364571,50,0.10470819028935753,0.13780918727915195,47,"tensor([nan, nan])","tensor([48.2373,  0.4978])",0,0,grid_search_shd_int/mnist_biograd_quant_1_layers_int_16_16_8_transposed_loss_direct_frames_10_time_100364571_exp_shd_int_172
135,"{'out_layer': (0.5, 2000.0, 4000.0, 1.0, 1.0, 0, 9.5367431640625e-07), 'hidden_layer': [(0.5, 1000.0, 2000.0, 1.0, -12, 3.814697265625e-06)]}",100364571,50,0.18661108386463954,0.22570671378091872,48,"tensor([nan, nan])","tensor([3.5000, 0.5660])",0,0,grid_search_shd_int/mnist_biograd_quant_1_layers_int_16_16_8_transposed_loss_direct_frames_10_time_100364571_exp_shd_int_135
208,"{'out_layer': (0.5, 1000.0, 2000.0, 1.0, 1.0, -2, 9.5367431640625e-07), 'hidden_layer': [(0.5, 2000.0, 4000.0, 1.0, -12, 3.814697265625e-06)]}",100364571,50,0.11451692005885238,0.1157243816254417,49,"tensor([nan, nan])","tensor([12.7797,  0.1151])",0,0,grid_search_shd_int/mnist_biograd_quant_1_layers_int_16_16_8_transposed_loss_direct_frames_10_time_100364571_exp_shd_int_208
219,"{'out_layer': (0.5, 125.0, 250.0, 1.0, 1.0, 0, 9.5367431640625e-07), 'hidden_layer': [(0.5, 125.0, 250.0, 1.0, -16, 3.814697265625e-06)]}",100364571,50,0.32123589995095636,0.31007067137809186,48,"tensor([nan, nan])","tensor([6.3222, 0.6537])",0,0,grid_search_shd_int/mnist_biograd_quant_1_layers_int_16_16_8_transposed_loss_direct_frames_10_time_100364571_exp_shd_int_219
103,"{'out_layer': (0.5, 250.0, 500.0, 1.0, 1.0, -2, 9.5367431640625e-07), 'hidden_layer': [(0.5, 1000.0, 2000.0, 1.0, -16, 3.814697265625e-06)]}",100364571,50,0.2785679254536538,0.33436395759717313,26,"tensor([nan, nan])","tensor([4.9368, 0.6280])",0,0,grid_search_shd_int/mnist_biograd_quant_1_layers_int_16_16_8_transposed_loss_direct_frames_10_time_100364571_exp_shd_int_103
94,"{'out_layer': (0.5, 15.625, 31.25, 1.0, 1.0, -2, 9.5367431640625e-07), 'hidden_layer': [(0.5, 62.5, 125.0, 1.0, -16, 3.814697265625e-06)]}",100364571,50,0.18894065718489456,0.22747349823321555,21,"tensor([nan, nan])","tensor([12.0219,  0.3433])",0,0,grid_search_shd_int/mnist_biograd_quant_1_layers_int_16_16_8_transposed_loss_direct_frames_10_time_100364571_exp_shd_int_94
162,"{'out_layer': (0.5, 4000.0, 8000.0, 1.0, 1.0, 0, 9.5367431640625e-07), 'hidden_layer': [(0.5, 62.5, 125.0, 1.0, -12, 3.814697265625e-06)]}",100364571,50,0.14651790093182931,0.17358657243816256,49,"tensor([nan, nan])","tensor([10.9225,  0.4747])",0,0,grid_search_shd_int/mnist_biograd_quant_1_layers_int_16_16_8_transposed_loss_direct_frames_10_time_100364571_exp_shd_int_162
36,"{'out_layer': (0.5, 125.0, 250.0, 1.0, 1.0, 0, 9.5367431640625e-07), 'hidden_layer': [(0.5, 15.625, 31.25, 1.0, -12, 3.814697265625e-06)]}",100364571,50,0.10397253555664542,0.10291519434628975,44,"tensor([nan, nan])","tensor([5.1061, 0.0945])",0,0,grid_search_shd_int/mnist_biograd_quant_1_layers_int_16_16_8_transposed_loss_direct_frames_10_time_100364571_exp_shd_int_36
192,"{'out_layer': (0.5, 250.0, 500.0, 1.0, 1.0, 0, 9.5367431640625e-07), 'hidden_layer': [(0.5, 2000.0, 4000.0, 1.0, -16, 3.814697265625e-06)]}",100364571,50,0.24043648847474253,0.26457597173144876,49,"tensor([nan, nan])","tensor([1.6730, 0.5743])",0,0,grid_search_shd_int/mnist_biograd_quant_1_layers_int_16_16_8_transposed_loss_direct_frames_10_time_100364571_exp_shd_int_192
126,"{'out_layer': (0.5, 125.0, 250.0, 1.0, 1.0, 0, 9.5367431640625e-07), 'hidden_layer': [(0.5, 62.5, 125.0, 1.0, -12, 3.814697265625e-06)]}",100364571,50,0.06449239823442864,0.09673144876325088,10,"tensor([nan, nan])","tensor([18.7677,  0.0244])",0,0,grid_search_shd_int/mnist_biograd_quant_1_layers_int_16_16_8_transposed_loss_direct_frames_10_time_100364571_exp_shd_int_126
113,"{'out_layer': (0.5, 62.5, 125.0, 1.0, 1.0, -4, 9.5367431640625e-07), 'hidden_layer': [(0.5, 62.5, 125.0, 1.0, -16, 3.814697265625e-06)]}",100364571,50,0.25134870034330553,0.22570671378091872,49,"tensor([nan, nan])","tensor([24.4435,  0.4803])",0,0,grid_search_shd_int/mnist_biograd_quant_1_layers_int_16_16_8_transposed_loss_direct_frames_10_time_100364571_exp_shd_int_113
53,"{'out_layer': (0.5, 2000.0, 4000.0, 1.0, 1.0, -4, 9.5367431640625e-07), 'hidden_layer': [(0.5, 250.0, 500.0, 1.0, -20, 3.814697265625e-06)]}",100364571,50,0.14296223639038744,0.18992932862190812,21,"tensor([nan, nan])","tensor([85.8916,  0.5590])",0,0,grid_search_shd_int/mnist_biograd_quant_1_layers_int_16_16_8_transposed_loss_direct_frames_10_time_100364571_exp_shd_int_53
224,"{'out_layer': (0.5, 125.0, 250.0, 1.0, 1.0, -4, 9.5367431640625e-07), 'hidden_layer': [(0.5, 125.0, 250.0, 1.0, -20, 3.814697265625e-06)]}",100364571,50,0.10458558116723884,0.11307420494699646,46,"tensor([nan, nan])","tensor([81.5441,  0.2260])",0,0,grid_search_shd_int/mnist_biograd_quant_1_layers_int_16_16_8_transposed_loss_direct_frames_10_time_100364571_exp_shd_int_224
69,"{'out_layer': (0.5, 16000.0, 32000.0, 1.0, 1.0, 0, 9.5367431640625e-07), 'hidden_layer': [(0.5, 250.0, 500.0, 1.0, -20, 3.814697265625e-06)]}",100364571,50,0.28482099068170674,0.321113074204947,43,"tensor([nan, nan])","tensor([38.5244,  0.5541])",0,0,grid_search_shd_int/mnist_biograd_quant_1_layers_int_16_16_8_transposed_loss_direct_frames_10_time_100364571_exp_shd_int_69
120,"{'out_layer': (0.5, 1000.0, 2000.0, 1.0, 1.0, 0, 9.5367431640625e-07), 'hidden_layer': [(0.5, 1000.0, 2000.0, 1.0, -16, 3.814697265625e-06)]}",100364571,50,0.3071358509073075,0.32376325088339225,48,"tensor([nan, nan])","tensor([4.3619, 0.5952])",0,0,grid_search_shd_int/mnist_biograd_quant_1_layers_int_16_16_8_transposed_loss_direct_frames_10_time_100364571_exp_shd_int_120
110,"{'out_layer': (0.5, 62.5, 125.0, 1.0, 1.0, -4, 9.5367431640625e-07), 'hidden_layer': [(0.5, 62.5, 125.0, 1.0, -12, 3.814697265625e-06)]}",100364571,50,0.13278567925453655,0.1497349823321555,33,"tensor([nan, nan])","tensor([34.3658,  0.2176])",0,0,grid_search_shd_int/mnist_biograd_quant_1_layers_int_16_16_8_transposed_loss_direct_frames_10_time_100364571_exp_shd_int_110
130,"{'out_layer': (0.5, 125.0, 250.0, 1.0, 1.0, -2, 9.5367431640625e-07), 'hidden_layer': [(0.5, 62.5, 125.0, 1.0, -16, 3.814697265625e-06)]}",100364571,50,0.2621383030897499,0.2747349823321555,15,"tensor([nan, nan])","tensor([7.9580, 0.6370])",0,0,grid_search_shd_int/mnist_biograd_quant_1_layers_int_16_16_8_transposed_loss_direct_frames_10_time_100364571_exp_shd_int_130
223,"{'out_layer': (0.5, 125.0, 250.0, 1.0, 1.0, -2, 9.5367431640625e-07), 'hidden_layer': [(0.5, 125.0, 250.0, 1.0, -20, 3.814697265625e-06)]}",100364571,50,0.1371996076508092,0.15636042402826855,36,"tensor([nan, nan])","tensor([58.3262,  0.1562])",0,0,grid_search_shd_int/mnist_biograd_quant_1_layers_int_16_16_8_transposed_loss_direct_frames_10_time_100364571_exp_shd_int_223
150,"{'out_layer': (0.5, 1000.0, 2000.0, 1.0, 1.0, 0, 9.5367431640625e-07), 'hidden_layer': [(0.5, 62.5, 125.0, 1.0, -20, 3.814697265625e-06)]}",100364571,50,0.258582638548308,0.2508833922261484,37,"tensor([nan, nan])","tensor([32.4424,  0.4972])",0,0,grid_search_shd_int/mnist_biograd_quant_1_layers_int_16_16_8_transposed_loss_direct_frames_10_time_100364571_exp_shd_int_150
164,"{'out_layer': (0.5, 4000.0, 8000.0, 1.0, 1.0, -4, 9.5367431640625e-07), 'hidden_layer': [(0.5, 62.5, 125.0, 1.0, -12, 3.814697265625e-06)]}",100364571,50,0.13903874448258952,0.15591872791519434,43,"tensor([nan, nan])","tensor([20.0765,  0.5136])",0,0,grid_search_shd_int/mnist_biograd_quant_1_layers_int_16_16_8_transposed_loss_direct_frames_10_time_100364571_exp_shd_int_164
11,"{'out_layer': (0.5, 250.0, 500.0, 1.0, 1.0, -4, 9.5367431640625e-07), 'hidden_layer': [(0.5, 250.0, 500.0, 1.0, -12, 3.814697265625e-06)]}",100364571,50,0.10617949975478176,0.11263250883392226,49,"tensor([nan, nan])","tensor([33.6280,  0.1198])",0,0,grid_search_shd_int/mnist_biograd_quant_1_layers_int_16_16_8_transposed_loss_direct_frames_10_time_100364571_exp_shd_int_11
2,"{'out_layer': (0.5, 15.625, 31.25, 1.0, 1.0, -4, 9.5367431640625e-07), 'hidden_layer': [(0.5, 15.625, 31.25, 1.0, -12, 3.814697265625e-06)]}",100364571,50,0.10127513487003433,0.10468197879858657,25,"tensor([nan, nan])","tensor([20.7408,  0.1627])",0,0,grid_search_shd_int/mnist_biograd_quant_1_layers_int_16_16_8_transposed_loss_direct_frames_10_time_100364571_exp_shd_int_2
203,"{'out_layer': (0.5, 62.5, 125.0, 1.0, 1.0, -4, 9.5367431640625e-07), 'hidden_layer': [(0.5, 125.0, 250.0, 1.0, -16, 3.814697265625e-06)]}",100364571,50,0.24264345267287887,0.23586572438162545,31,"tensor([nan, nan])","tensor([16.7864,  0.4834])",0,0,grid_search_shd_int/mnist_biograd_quant_1_layers_int_16_16_8_transposed_loss_direct_frames_10_time_100364571_exp_shd_int_203
125,"{'out_layer': (0.5, 1000.0, 2000.0, 1.0, 1.0, -4, 9.5367431640625e-07), 'hidden_layer': [(0.5, 1000.0, 2000.0, 1.0, -20, 3.814697265625e-06)]}",100364571,50,0.17557626287395783,0.20803886925795054,8,"tensor([nan, nan])","tensor([51.4792,  0.5888])",0,0,grid_search_shd_int/mnist_biograd_quant_1_layers_int_16_16_8_transposed_loss_direct_frames_10_time_100364571_exp_shd_int_125
90,"{'out_layer': (0.5, 15.625, 31.25, 1.0, 1.0, 0, 9.5367431640625e-07), 'hidden_layer': [(0.5, 62.5, 125.0, 1.0, -12, 3.814697265625e-06)]}",100364571,50,0.06498283472290338,0.0719964664310954,30,"tensor([nan, nan])","tensor([3.3526e+01, 1.3534e-02])",0,0,grid_search_shd_int/mnist_biograd_quant_1_layers_int_16_16_8_transposed_loss_direct_frames_10_time_100364571_exp_shd_int_90
22,"{'out_layer': (0.5, 62.5, 125.0, 1.0, 1.0, -2, 9.5367431640625e-07), 'hidden_layer': [(0.5, 15.625, 31.25, 1.0, -16, 3.814697265625e-06)]}",100364571,50,0.24386954389406573,0.2314487632508834,44,"tensor([nan, nan])","tensor([10.1302,  0.4151])",0,0,grid_search_shd_int/mnist_biograd_quant_1_layers_int_16_16_8_transposed_loss_direct_frames_10_time_100364571_exp_shd_int_22
47,"{'out_layer': (0.5, 2000.0, 4000.0, 1.0, 1.0, -4, 9.5367431640625e-07), 'hidden_layer': [(0.5, 250.0, 500.0, 1.0, -12, 3.814697265625e-06)]}",100364571,50,0.15461010299166258,0.1687279151943463,49,"tensor([nan, nan])","tensor([20.6849,  0.5328])",0,0,grid_search_shd_int/mnist_biograd_quant_1_layers_int_16_16_8_transposed_loss_direct_frames_10_time_100364571_exp_shd_int_47
34,"{'out_layer': (0.5, 1000.0, 2000.0, 1.0, 1.0, -2, 9.5367431640625e-07), 'hidden_layer': [(0.5, 250.0, 500.0, 1.0, -20, 3.814697265625e-06)]}",100364571,50,0.2140755272192251,0.22924028268551236,45,"tensor([nan, nan])","tensor([49.0227,  0.4821])",0,0,grid_search_shd_int/mnist_biograd_quant_1_layers_int_16_16_8_transposed_loss_direct_frames_10_time_100364571_exp_shd_int_34
153,"{'out_layer': (0.5, 16000.0, 32000.0, 1.0, 1.0, 0, 9.5367431640625e-07), 'hidden_layer': [(0.5, 1000.0, 2000.0, 1.0, -12, 3.814697265625e-06)]}",100364571,50,0.12297694948504169,0.1612190812720848,32,"tensor([nan, nan])","tensor([7.6061, 0.5174])",0,0,grid_search_shd_int/mnist_biograd_quant_1_layers_int_16_16_8_transposed_loss_direct_frames_10_time_100364571_exp_shd_int_153
190,"{'out_layer': (0.5, 250.0, 500.0, 1.0, 1.0, -2, 9.5367431640625e-07), 'hidden_layer': [(0.5, 2000.0, 4000.0, 1.0, -12, 3.814697265625e-06)]}",100364571,50,0.05419323197645905,0.06051236749116608,26,"tensor([nan, nan])","tensor([2.2483e+01, 2.1200e-02])",0,0,grid_search_shd_int/mnist_biograd_quant_1_layers_int_16_16_8_transposed_loss_direct_frames_10_time_100364571_exp_shd_int_190
26,"{'out_layer': (0.5, 62.5, 125.0, 1.0, 1.0, -4, 9.5367431640625e-07), 'hidden_layer': [(0.5, 15.625, 31.25, 1.0, -20, 3.814697265625e-06)]}",100364571,50,0.05566454144188328,0.07332155477031801,1,"tensor([nan, nan])","tensor([43.4499,  0.3596])",0,0,grid_search_shd_int/mnist_biograd_quant_1_layers_int_16_16_8_transposed_loss_direct_frames_10_time_100364571_exp_shd_int_26
180,"{'out_layer': (0.5, 15.625, 31.25, 1.0, 1.0, 0, 9.5367431640625e-07), 'hidden_layer': [(0.5, 125.0, 250.0, 1.0, -12, 3.814697265625e-06)]}",100364571,50,0.07381069151544875,0.06846289752650177,20,"tensor([nan, nan])","tensor([3.3199e+01, 2.3058e-02])",0,0,grid_search_shd_int/mnist_biograd_quant_1_layers_int_16_16_8_transposed_loss_direct_frames_10_time_100364571_exp_shd_int_180
93,"{'out_layer': (0.5, 15.625, 31.25, 1.0, 1.0, 0, 9.5367431640625e-07), 'hidden_layer': [(0.5, 62.5, 125.0, 1.0, -16, 3.814697265625e-06)]}",100364571,50,0.27488965179009317,0.21289752650176677,48,"tensor([nan, nan])","tensor([3.2579, 0.4637])",0,0,grid_search_shd_int/mnist_biograd_quant_1_layers_int_16_16_8_transposed_loss_direct_frames_10_time_100364571_exp_shd_int_93
30,"{'out_layer': (0.5, 1000.0, 2000.0, 1.0, 1.0, 0, 9.5367431640625e-07), 'hidden_layer': [(0.5, 250.0, 500.0, 1.0, -16, 3.814697265625e-06)]}",100364571,50,0.3062775870524767,0.3197879858657244,48,"tensor([nan, nan])","tensor([5.2970, 0.6005])",0,0,grid_search_shd_int/mnist_biograd_quant_1_layers_int_16_16_8_transposed_loss_direct_frames_10_time_100364571_exp_shd_int_30
168,"{'out_layer': (0.5, 4000.0, 8000.0, 1.0, 1.0, 0, 9.5367431640625e-07), 'hidden_layer': [(0.5, 62.5, 125.0, 1.0, -20, 3.814697265625e-06)]}",100364571,50,0.269494850416871,0.28136042402826855,39,"tensor([nan, nan])","tensor([38.0157,  0.5571])",0,0,grid_search_shd_int/mnist_biograd_quant_1_layers_int_16_16_8_transposed_loss_direct_frames_10_time_100364571_exp_shd_int_168
10,"{'out_layer': (0.5, 250.0, 500.0, 1.0, 1.0, -2, 9.5367431640625e-07), 'hidden_layer': [(0.5, 250.0, 500.0, 1.0, -12, 3.814697265625e-06)]}",100364571,50,0.05664541441883276,0.07685512367491167,46,"tensor([nan, nan])","tensor([24.9719,  0.0310])",0,0,grid_search_shd_int/mnist_biograd_quant_1_layers_int_16_16_8_transposed_loss_direct_frames_10_time_100364571_exp_shd_int_10
179,"{'out_layer': (0.5, 64000, 128000, 1.0, 1.0, -4, 9.5367431640625e-07), 'hidden_layer': [(0.5, 1000.0, 2000.0, 1.0, -20, 3.814697265625e-06)]}",100364571,50,0.1425944090240314,0.19257950530035337,37,"tensor([nan, nan])","tensor([87.3627,  0.5071])",0,0,grid_search_shd_int/mnist_biograd_quant_1_layers_int_16_16_8_transposed_loss_direct_frames_10_time_100364571_exp_shd_int_179
155,"{'out_layer': (0.5, 16000.0, 32000.0, 1.0, 1.0, -4, 9.5367431640625e-07), 'hidden_layer': [(0.5, 1000.0, 2000.0, 1.0, -12, 3.814697265625e-06)]}",100364571,50,0.0999264345267288,0.14531802120141343,32,"tensor([nan, nan])","tensor([44.9488,  0.5049])",0,0,grid_search_shd_int/mnist_biograd_quant_1_layers_int_16_16_8_transposed_loss_direct_frames_10_time_100364571_exp_shd_int_155
122,"{'out_layer': (0.5, 1000.0, 2000.0, 1.0, 1.0, -4, 9.5367431640625e-07), 'hidden_layer': [(0.5, 1000.0, 2000.0, 1.0, -16, 3.814697265625e-06)]}",100364571,50,0.2785679254536538,0.2659010600706714,48,"tensor([nan, nan])","tensor([7.3139, 0.5331])",0,0,grid_search_shd_int/mnist_biograd_quant_1_layers_int_16_16_8_transposed_loss_direct_frames_10_time_100364571_exp_shd_int_122
170,"{'out_layer': (0.5, 4000.0, 8000.0, 1.0, 1.0, -4, 9.5367431640625e-07), 'hidden_layer': [(0.5, 62.5, 125.0, 1.0, -20, 3.814697265625e-06)]}",100364571,50,0.13205002452182443,0.1523851590106007,36,"tensor([nan, nan])","tensor([92.8489,  0.5754])",0,0,grid_search_shd_int/mnist_biograd_quant_1_layers_int_16_16_8_transposed_loss_direct_frames_10_time_100364571_exp_shd_int_170
193,"{'out_layer': (0.5, 250.0, 500.0, 1.0, 1.0, -2, 9.5367431640625e-07), 'hidden_layer': [(0.5, 2000.0, 4000.0, 1.0, -16, 3.814697265625e-06)]}",100364571,50,0.3358263854830799,0.321113074204947,48,"tensor([nan, nan])","tensor([7.5187, 0.6667])",0,0,grid_search_shd_int/mnist_biograd_quant_1_layers_int_16_16_8_transposed_loss_direct_frames_10_time_100364571_exp_shd_int_193
119,"{'out_layer': (0.5, 1000.0, 2000.0, 1.0, 1.0, -4, 9.5367431640625e-07), 'hidden_layer': [(0.5, 1000.0, 2000.0, 1.0, -12, 3.814697265625e-06)]}",100364571,50,0.12003433055419323,0.18109540636042404,26,"tensor([nan, nan])","tensor([25.4219,  0.4814])",0,0,grid_search_shd_int/mnist_biograd_quant_1_layers_int_16_16_8_transposed_loss_direct_frames_10_time_100364571_exp_shd_int_119
188,"{'out_layer': (0.5, 15.625, 31.25, 1.0, 1.0, -4, 9.5367431640625e-07), 'hidden_layer': [(0.5, 125.0, 250.0, 1.0, -20, 3.814697265625e-06)]}",100364571,50,0.05358018636586562,0.06669611307420495,1,"tensor([nan, nan])","tensor([50.6215,  0.4955])",0,0,grid_search_shd_int/mnist_biograd_quant_1_layers_int_16_16_8_transposed_loss_direct_frames_10_time_100364571_exp_shd_int_188
198,"{'out_layer': (0.5, 62.5, 125.0, 1.0, 1.0, 0, 9.5367431640625e-07), 'hidden_layer': [(0.5, 125.0, 250.0, 1.0, -12, 3.814697265625e-06)]}",100364571,50,0.05811672388425699,0.10247349823321555,29,"tensor([nan, nan])","tensor([2.5723e+01, 2.3655e-02])",0,0,grid_search_shd_int/mnist_biograd_quant_1_layers_int_16_16_8_transposed_loss_direct_frames_10_time_100364571_exp_shd_int_198
100,"{'out_layer': (0.5, 250.0, 500.0, 1.0, 1.0, -2, 9.5367431640625e-07), 'hidden_layer': [(0.5, 1000.0, 2000.0, 1.0, -12, 3.814697265625e-06)]}",100364571,50,0.050147130946542426,0.04549469964664311,0,"tensor([nan, nan])","tensor([22.1589,  0.0000])",0,0,grid_search_shd_int/mnist_biograd_quant_1_layers_int_16_16_8_transposed_loss_direct_frames_10_time_100364571_exp_shd_int_100
189,"{'out_layer': (0.5, 250.0, 500.0, 1.0, 1.0, 0, 9.5367431640625e-07), 'hidden_layer': [(0.5, 2000.0, 4000.0, 1.0, -12, 3.814697265625e-06)]}",100364571,50,0.049901912702305054,0.05035335689045936,8,"tensor([nan, nan])","tensor([19.1581,  0.6154])",0,0,grid_search_shd_int/mnist_biograd_quant_1_layers_int_16_16_8_transposed_loss_direct_frames_10_time_100364571_exp_shd_int_189
207,"{'out_layer': (0.5, 1000.0, 2000.0, 1.0, 1.0, 0, 9.5367431640625e-07), 'hidden_layer': [(0.5, 2000.0, 4000.0, 1.0, -12, 3.814697265625e-06)]}",100364571,50,0.05308974987739088,0.0719964664310954,49,"tensor([nan, nan])","tensor([4.2843, 0.0132])",0,0,grid_search_shd_int/mnist_biograd_quant_1_layers_int_16_16_8_transposed_loss_direct_frames_10_time_100364571_exp_shd_int_207
13,"{'out_layer': (0.5, 250.0, 500.0, 1.0, 1.0, -2, 9.5367431640625e-07), 'hidden_layer': [(0.5, 250.0, 500.0, 1.0, -16, 3.814697265625e-06)]}",100364571,50,0.3052967140755272,0.3480565371024735,43,"tensor([nan, nan])","tensor([12.4595,  0.7012])",0,0,grid_search_shd_int/mnist_biograd_quant_1_layers_int_16_16_8_transposed_loss_direct_frames_10_time_100364571_exp_shd_int_13
77,"{'out_layer': (0.5, 4000.0, 8000.0, 1.0, 1.0, -4, 9.5367431640625e-07), 'hidden_layer': [(0.5, 15.625, 31.25, 1.0, -16, 3.814697265625e-06)]}",100364571,50,0.21064247179990192,0.2659010600706714,44,"tensor([nan, nan])","tensor([35.2116,  0.5194])",0,0,grid_search_shd_int/mnist_biograd_quant_1_layers_int_16_16_8_transposed_loss_direct_frames_10_time_100364571_exp_shd_int_77
70,"{'out_layer': (0.5, 16000.0, 32000.0, 1.0, 1.0, -2, 9.5367431640625e-07), 'hidden_layer': [(0.5, 250.0, 500.0, 1.0, -20, 3.814697265625e-06)]}",100364571,50,0.2338155958803335,0.26104240282685515,45,"tensor([nan, nan])","tensor([66.2537,  0.5244])",0,0,grid_search_shd_int/mnist_biograd_quant_1_layers_int_16_16_8_transposed_loss_direct_frames_10_time_100364571_exp_shd_int_70
9,"{'out_layer': (0.5, 250.0, 500.0, 1.0, 1.0, 0, 9.5367431640625e-07), 'hidden_layer': [(0.5, 250.0, 500.0, 1.0, -12, 3.814697265625e-06)]}",100364571,50,0.04683668464933791,0.04858657243816254,1,"tensor([nan, nan])","tensor([27.6995,  1.0938])",0,0,grid_search_shd_int/mnist_biograd_quant_1_layers_int_16_16_8_transposed_loss_direct_frames_10_time_100364571_exp_shd_int_9
5,"{'out_layer': (0.5, 15.625, 31.25, 1.0, 1.0, -4, 9.5367431640625e-07), 'hidden_layer': [(0.5, 15.625, 31.25, 1.0, -16, 3.814697265625e-06)]}",100364571,50,0.17251103482099067,0.1771201413427562,45,"tensor([nan, nan])","tensor([37.8929,  0.3988])",0,0,grid_search_shd_int/mnist_biograd_quant_1_layers_int_16_16_8_transposed_loss_direct_frames_10_time_100364571_exp_shd_int_5
181,"{'out_layer': (0.5, 15.625, 31.25, 1.0, 1.0, -2, 9.5367431640625e-07), 'hidden_layer': [(0.5, 125.0, 250.0, 1.0, -12, 3.814697265625e-06)]}",100364571,50,0.07883766552231486,0.08524734982332155,46,"tensor([nan, nan])","tensor([3.5569e+01, 3.4830e-02])",0,0,grid_search_shd_int/mnist_biograd_quant_1_layers_int_16_16_8_transposed_loss_direct_frames_10_time_100364571_exp_shd_int_181
102,"{'out_layer': (0.5, 250.0, 500.0, 1.0, 1.0, 0, 9.5367431640625e-07), 'hidden_layer': [(0.5, 1000.0, 2000.0, 1.0, -16, 3.814697265625e-06)]}",100364571,50,0.22302599313388916,0.2508833922261484,42,"tensor([nan, nan])","tensor([1.7657, 0.5880])",0,0,grid_search_shd_int/mnist_biograd_quant_1_layers_int_16_16_8_transposed_loss_direct_frames_10_time_100364571_exp_shd_int_102
50,"{'out_layer': (0.5, 2000.0, 4000.0, 1.0, 1.0, -4, 9.5367431640625e-07), 'hidden_layer': [(0.5, 250.0, 500.0, 1.0, -16, 3.814697265625e-06)]}",100364571,50,0.2853114271701815,0.2787102473498233,45,"tensor([nan, nan])","tensor([15.6099,  0.5332])",0,0,grid_search_shd_int/mnist_biograd_quant_1_layers_int_16_16_8_transposed_loss_direct_frames_10_time_100364571_exp_shd_int_50
134,"{'out_layer': (0.5, 125.0, 250.0, 1.0, 1.0, -4, 9.5367431640625e-07), 'hidden_layer': [(0.5, 62.5, 125.0, 1.0, -20, 3.814697265625e-06)]}",100364571,50,0.1159882295242766,0.10865724381625441,39,"tensor([nan, nan])","tensor([78.5069,  0.2781])",0,0,grid_search_shd_int/mnist_biograd_quant_1_layers_int_16_16_8_transposed_loss_direct_frames_10_time_100364571_exp_shd_int_134
96,"{'out_layer': (0.5, 15.625, 31.25, 1.0, 1.0, 0, 9.5367431640625e-07), 'hidden_layer': [(0.5, 62.5, 125.0, 1.0, -20, 3.814697265625e-06)]}",100364571,50,0.05664541441883276,0.062279151943462896,0,"tensor([nan, nan])","tensor([40.5936,  1.2276])",0,0,grid_search_shd_int/mnist_biograd_quant_1_layers_int_16_16_8_transposed_loss_direct_frames_10_time_100364571_exp_shd_int_96
196,"{'out_layer': (0.5, 250.0, 500.0, 1.0, 1.0, -2, 9.5367431640625e-07), 'hidden_layer': [(0.5, 2000.0, 4000.0, 1.0, -20, 3.814697265625e-06)]}",100364571,50,0.15448749386954388,0.18374558303886926,5,"tensor([nan, nan])","tensor([18.3612,  0.5424])",0,0,grid_search_shd_int/mnist_biograd_quant_1_layers_int_16_16_8_transposed_loss_direct_frames_10_time_100364571_exp_shd_int_196
38,"{'out_layer': (0.5, 125.0, 250.0, 1.0, 1.0, -4, 9.5367431640625e-07), 'hidden_layer': [(0.5, 15.625, 31.25, 1.0, -12, 3.814697265625e-06)]}",100364571,50,0.16245708680725846,0.1515017667844523,29,"tensor([nan, nan])","tensor([15.0267,  0.3044])",0,0,grid_search_shd_int/mnist_biograd_quant_1_layers_int_16_16_8_transposed_loss_direct_frames_10_time_100364571_exp_shd_int_38
109,"{'out_layer': (0.5, 62.5, 125.0, 1.0, 1.0, -2, 9.5367431640625e-07), 'hidden_layer': [(0.5, 62.5, 125.0, 1.0, -12, 3.814697265625e-06)]}",100364571,50,0.08913683178028445,0.09363957597173145,15,"tensor([nan, nan])","tensor([28.5285,  0.0865])",0,0,grid_search_shd_int/mnist_biograd_quant_1_layers_int_16_16_8_transposed_loss_direct_frames_10_time_100364571_exp_shd_int_109
4,"{'out_layer': (0.5, 15.625, 31.25, 1.0, 1.0, -2, 9.5367431640625e-07), 'hidden_layer': [(0.5, 15.625, 31.25, 1.0, -16, 3.814697265625e-06)]}",100364571,50,0.15743011280039235,0.1894876325088339,31,"tensor([nan, nan])","tensor([13.7761,  0.3099])",0,0,grid_search_shd_int/mnist_biograd_quant_1_layers_int_16_16_8_transposed_loss_direct_frames_10_time_100364571_exp_shd_int_4
104,"{'out_layer': (0.5, 250.0, 500.0, 1.0, 1.0, -4, 9.5367431640625e-07), 'hidden_layer': [(0.5, 1000.0, 2000.0, 1.0, -16, 3.814697265625e-06)]}",100364571,50,0.28347229033840116,0.3136042402826855,27,"tensor([nan, nan])","tensor([6.6253, 0.6179])",0,0,grid_search_shd_int/mnist_biograd_quant_1_layers_int_16_16_8_transposed_loss_direct_frames_10_time_100364571_exp_shd_int_104
154,"{'out_layer': (0.5, 16000.0, 32000.0, 1.0, 1.0, -2, 9.5367431640625e-07), 'hidden_layer': [(0.5, 1000.0, 2000.0, 1.0, -12, 3.814697265625e-06)]}",100364571,50,0.14958312898479648,0.2067137809187279,46,"tensor([nan, nan])","tensor([22.3424,  0.5072])",0,0,grid_search_shd_int/mnist_biograd_quant_1_layers_int_16_16_8_transposed_loss_direct_frames_10_time_100364571_exp_shd_int_154
185,"{'out_layer': (0.5, 15.625, 31.25, 1.0, 1.0, -4, 9.5367431640625e-07), 'hidden_layer': [(0.5, 125.0, 250.0, 1.0, -16, 3.814697265625e-06)]}",100364571,50,0.19764590485532124,0.21863957597173145,33,"tensor([nan, nan])","tensor([24.7196,  0.4281])",0,0,grid_search_shd_int/mnist_biograd_quant_1_layers_int_16_16_8_transposed_loss_direct_frames_10_time_100364571_exp_shd_int_185
32,"{'out_layer': (0.5, 1000.0, 2000.0, 1.0, 1.0, -4, 9.5367431640625e-07), 'hidden_layer': [(0.5, 250.0, 500.0, 1.0, -16, 3.814697265625e-06)]}",100364571,50,0.2984306032368808,0.31625441696113077,46,"tensor([nan, nan])","tensor([11.2525,  0.5469])",0,0,grid_search_shd_int/mnist_biograd_quant_1_layers_int_16_16_8_transposed_loss_direct_frames_10_time_100364571_exp_shd_int_32
123,"{'out_layer': (0.5, 1000.0, 2000.0, 1.0, 1.0, 0, 9.5367431640625e-07), 'hidden_layer': [(0.5, 1000.0, 2000.0, 1.0, -20, 3.814697265625e-06)]}",100364571,50,0.24791564492398235,0.26325088339222613,31,"tensor([nan, nan])","tensor([27.1054,  0.5388])",0,0,grid_search_shd_int/mnist_biograd_quant_1_layers_int_16_16_8_transposed_loss_direct_frames_10_time_100364571_exp_shd_int_123
166,"{'out_layer': (0.5, 4000.0, 8000.0, 1.0, 1.0, -2, 9.5367431640625e-07), 'hidden_layer': [(0.5, 62.5, 125.0, 1.0, -16, 3.814697265625e-06)]}",100364571,50,0.2664296223639039,0.3047703180212014,49,"tensor([nan, nan])","tensor([22.0371,  0.5330])",0,0,grid_search_shd_int/mnist_biograd_quant_1_layers_int_16_16_8_transposed_loss_direct_frames_10_time_100364571_exp_shd_int_166
146,"{'out_layer': (0.5, 1000.0, 2000.0, 1.0, 1.0, -4, 9.5367431640625e-07), 'hidden_layer': [(0.5, 62.5, 125.0, 1.0, -12, 3.814697265625e-06)]}",100364571,50,0.11365865620402157,0.13736749116607774,46,"tensor([nan, nan])","tensor([21.5479,  0.5381])",0,0,grid_search_shd_int/mnist_biograd_quant_1_layers_int_16_16_8_transposed_loss_direct_frames_10_time_100364571_exp_shd_int_146
63,"{'out_layer': (0.5, 16000.0, 32000.0, 1.0, 1.0, 0, 9.5367431640625e-07), 'hidden_layer': [(0.5, 250.0, 500.0, 1.0, -12, 3.814697265625e-06)]}",100364571,50,0.11145169200588524,0.15371024734982333,41,"tensor([nan, nan])","tensor([10.6523,  0.5065])",0,0,grid_search_shd_int/mnist_biograd_quant_1_layers_int_16_16_8_transposed_loss_direct_frames_10_time_100364571_exp_shd_int_63
140,"{'out_layer': (0.5, 2000.0, 4000.0, 1.0, 1.0, -4, 9.5367431640625e-07), 'hidden_layer': [(0.5, 1000.0, 2000.0, 1.0, -16, 3.814697265625e-06)]}",100364571,50,0.22756253065228052,0.23851590106007067,37,"tensor([nan, nan])","tensor([11.6189,  0.5178])",0,0,grid_search_shd_int/mnist_biograd_quant_1_layers_int_16_16_8_transposed_loss_direct_frames_10_time_100364571_exp_shd_int_140
214,"{'out_layer': (0.5, 1000.0, 2000.0, 1.0, 1.0, -2, 9.5367431640625e-07), 'hidden_layer': [(0.5, 2000.0, 4000.0, 1.0, -20, 3.814697265625e-06)]}",100364571,50,0.20291809710642472,0.23542402826855124,5,"tensor([nan, nan])","tensor([14.1387,  0.5767])",0,0,grid_search_shd_int/mnist_biograd_quant_1_layers_int_16_16_8_transposed_loss_direct_frames_10_time_100364571_exp_shd_int_214
35,"{'out_layer': (0.5, 1000.0, 2000.0, 1.0, 1.0, -4, 9.5367431640625e-07), 'hidden_layer': [(0.5, 250.0, 500.0, 1.0, -20, 3.814697265625e-06)]}",100364571,50,0.13082393330063757,0.19876325088339222,33,"tensor([nan, nan])","tensor([80.4045,  0.3457])",0,0,grid_search_shd_int/mnist_biograd_quant_1_layers_int_16_16_8_transposed_loss_direct_frames_10_time_100364571_exp_shd_int_35
178,"{'out_layer': (0.5, 64000, 128000, 1.0, 1.0, -2, 9.5367431640625e-07), 'hidden_layer': [(0.5, 1000.0, 2000.0, 1.0, -20, 3.814697265625e-06)]}",100364571,50,0.21358509073075035,0.2707597173144876,47,"tensor([nan, nan])","tensor([69.5057,  0.5026])",0,0,grid_search_shd_int/mnist_biograd_quant_1_layers_int_16_16_8_transposed_loss_direct_frames_10_time_100364571_exp_shd_int_178
121,"{'out_layer': (0.5, 1000.0, 2000.0, 1.0, 1.0, -2, 9.5367431640625e-07), 'hidden_layer': [(0.5, 1000.0, 2000.0, 1.0, -16, 3.814697265625e-06)]}",100364571,50,0.303825404610103,0.31537102473498235,43,"tensor([nan, nan])","tensor([5.4886, 0.5462])",0,0,grid_search_shd_int/mnist_biograd_quant_1_layers_int_16_16_8_transposed_loss_direct_frames_10_time_100364571_exp_shd_int_121
112,"{'out_layer': (0.5, 62.5, 125.0, 1.0, 1.0, -2, 9.5367431640625e-07), 'hidden_layer': [(0.5, 62.5, 125.0, 1.0, -16, 3.814697265625e-06)]}",100364571,50,0.27145659637076996,0.27385159010600707,44,"tensor([nan, nan])","tensor([14.2316,  0.4534])",0,0,grid_search_shd_int/mnist_biograd_quant_1_layers_int_16_16_8_transposed_loss_direct_frames_10_time_100364571_exp_shd_int_112
175,"{'out_layer': (0.5, 64000, 128000, 1.0, 1.0, -2, 9.5367431640625e-07), 'hidden_layer': [(0.5, 1000.0, 2000.0, 1.0, -16, 3.814697265625e-06)]}",100364571,50,0.14136831780284453,0.21996466431095407,48,"tensor([nan, nan])","tensor([53.9355,  0.5018])",0,0,grid_search_shd_int/mnist_biograd_quant_1_layers_int_16_16_8_transposed_loss_direct_frames_10_time_100364571_exp_shd_int_175
14,"{'out_layer': (0.5, 250.0, 500.0, 1.0, 1.0, -4, 9.5367431640625e-07), 'hidden_layer': [(0.5, 250.0, 500.0, 1.0, -16, 3.814697265625e-06)]}",100364571,50,0.28445316331535064,0.28533568904593637,44,"tensor([nan, nan])","tensor([19.4077,  0.6927])",0,0,grid_search_shd_int/mnist_biograd_quant_1_layers_int_16_16_8_transposed_loss_direct_frames_10_time_100364571_exp_shd_int_14
137,"{'out_layer': (0.5, 2000.0, 4000.0, 1.0, 1.0, -4, 9.5367431640625e-07), 'hidden_layer': [(0.5, 1000.0, 2000.0, 1.0, -12, 3.814697265625e-06)]}",100364571,50,0.1603727317312408,0.18418727915194347,43,"tensor([nan, nan])","tensor([19.3286,  0.5212])",0,0,grid_search_shd_int/mnist_biograd_quant_1_layers_int_16_16_8_transposed_loss_direct_frames_10_time_100364571_exp_shd_int_137
79,"{'out_layer': (0.5, 4000.0, 8000.0, 1.0, 1.0, -2, 9.5367431640625e-07), 'hidden_layer': [(0.5, 15.625, 31.25, 1.0, -20, 3.814697265625e-06)]}",100364571,50,0.196174595389897,0.24867491166077738,46,"tensor([nan, nan])","tensor([65.3379,  0.4905])",0,0,grid_search_shd_int/mnist_biograd_quant_1_layers_int_16_16_8_transposed_loss_direct_frames_10_time_100364571_exp_shd_int_79
218,"{'out_layer': (0.5, 125.0, 250.0, 1.0, 1.0, -4, 9.5367431640625e-07), 'hidden_layer': [(0.5, 125.0, 250.0, 1.0, -12, 3.814697265625e-06)]}",100364571,50,0.1101029916625797,0.1435512367491166,45,"tensor([nan, nan])","tensor([34.1184,  0.1708])",0,0,grid_search_shd_int/mnist_biograd_quant_1_layers_int_16_16_8_transposed_loss_direct_frames_10_time_100364571_exp_shd_int_218
28,"{'out_layer': (0.5, 1000.0, 2000.0, 1.0, 1.0, -2, 9.5367431640625e-07), 'hidden_layer': [(0.5, 250.0, 500.0, 1.0, -12, 3.814697265625e-06)]}",100364571,50,0.049288867091711625,0.04549469964664311,0,"tensor([nan, nan])","tensor([20.8694,  0.0000])",0,0,grid_search_shd_int/mnist_biograd_quant_1_layers_int_16_16_8_transposed_loss_direct_frames_10_time_100364571_exp_shd_int_28
201,"{'out_layer': (0.5, 62.5, 125.0, 1.0, 1.0, 0, 9.5367431640625e-07), 'hidden_layer': [(0.5, 125.0, 250.0, 1.0, -16, 3.814697265625e-06)]}",100364571,50,0.3182932810201079,0.2963780918727915,44,"tensor([nan, nan])","tensor([4.4752, 0.6440])",0,0,grid_search_shd_int/mnist_biograd_quant_1_layers_int_16_16_8_transposed_loss_direct_frames_10_time_100364571_exp_shd_int_201
51,"{'out_layer': (0.5, 2000.0, 4000.0, 1.0, 1.0, 0, 9.5367431640625e-07), 'hidden_layer': [(0.5, 250.0, 500.0, 1.0, -20, 3.814697265625e-06)]}",100364571,50,0.25049043648847474,0.28091872791519434,26,"tensor([nan, nan])","tensor([29.8848,  0.5402])",0,0,grid_search_shd_int/mnist_biograd_quant_1_layers_int_16_16_8_transposed_loss_direct_frames_10_time_100364571_exp_shd_int_51
